vehicle_id,failure_probability_true,failure_next_30_days
V00001,0.9271166012618632,1
V00002,0.7235352863750406,0
V00003,0.9114467596400987,1
V00004,0.8399433711257781,0
V00005,0.7044767661725633,0
V00006,0.6668588486241835,0
V00007,0.8734428842040801,0
V00008,0.9866497072574394,1
V00009,0.7025276377729227,0
V00010,0.6820496140900717,0
V00011,0.9720704827819452,1
V00012,0.7223605159181122,0
V00013,0.9408877394625063,1
V00014,0.8877048035105906,0
V00015,0.9780943024073534,1
V00016,0.9091201284656337,1
V00017,0.9711134662605835,1
V00018,0.6336387141480899,0
V00019,0.8936456637608408,0
V00020,0.8280681090200522,0
V00021,0.5464171906285692,0
V00022,0.7666698915993038,0
V00023,0.6615814676119378,0
V00024,0.8300520578766473,0
V00025,0.8745643962859763,0
V00026,0.3725555720817829,0
V00027,0.836426024410373,0
V00028,0.7615965763961605,0
V00029,0.7084380224096991,0
V00030,0.6868033311123967,0
V00031,0.9445184295845056,1
V00032,0.9478467846950281,1
V00033,0.8288896411674528,0
V00034,0.8821332731769539,0
V00035,0.6052326635756732,0
V00036,0.80391402800001,0
V00037,0.8323454280077102,0
V00038,0.8847623342625073,0
V00039,0.7615892385858222,0
V00040,0.7572930305316604,0
V00041,0.9223799517508161,1
V00042,0.6583416399515358,0
V00043,0.919319517222999,1
V00044,0.9436714459219351,1
V00045,0.8811127754354576,0
V00046,0.6424366716631488,0
V00047,0.8979046294377729,0
V00048,0.9514003404289428,1
V00049,0.8881867129232471,0
V00050,0.9484819782554968,1
V00051,0.6972103488745284,0
V00052,0.9438111097789805,1
V00053,0.8564659903365126,0
V00054,0.9085141638501643,1
V00055,0.9254519753825564,1
V00056,0.8830960081084857,0
V00057,0.8754241443275858,0
V00058,0.8414039154744966,0
V00059,0.8659522659586263,0
V00060,0.8388846290031494,0
V00061,0.7593683581913764,0
V00062,0.8825699295878184,0
V00063,0.7656328181537986,0
V00064,0.870144148010836,0
V00065,0.7783799065507501,0
V00066,0.8200738000869012,0
V00067,0.5813268019767408,0
V00068,0.9321611794620411,1
V00069,0.7132231082447293,0
V00070,0.9117576487090652,1
V00071,0.8611814101959153,0
V00072,0.6552076813359503,0
V00073,0.6025432337462677,0
V00074,0.8704313552906646,0
V00075,0.5421692950541501,0
V00076,0.8225778375278148,0
V00077,0.790110038852713,0
V00078,0.9701519665710534,1
V00079,0.5264920474428718,0
V00080,0.8763780592025953,0
V00081,0.7430839973819949,0
V00082,0.7781423545686186,0
V00083,0.9169191948871315,1
V00084,0.8826394523008674,0
V00085,0.8425309560419717,0
V00086,0.9545971178997877,1
V00087,0.879421375461937,0
V00088,0.8847604032567556,0
V00089,0.9369739136439643,1
V00090,0.891179164488975,0
V00091,0.8435148227080485,0
V00092,0.8829115159973693,0
V00093,0.8079233652647126,0
V00094,0.7376931647140526,0
V00095,0.6517254106579728,0
V00096,0.5518401317023924,0
V00097,0.6200523723247129,0
V00098,0.7308878870609656,0
V00099,0.7371828491573681,0
V00100,0.8156507530384292,0
V00101,0.9693619710907595,1
V00102,0.5267314480326706,0
V00103,0.8970392080254617,0
V00104,0.8657662218298053,0
V00105,0.7053710162086672,0
V00106,0.9607711853096389,1
V00107,0.914525745288119,1
V00108,0.9414976470012099,1
V00109,0.8293033382296358,0
V00110,0.530942451063894,0
V00111,0.7278267998186233,0
V00112,0.9266273584762686,1
V00113,0.827809998072375,0
V00114,0.8408207962711938,0
V00115,0.5345347739427351,0
V00116,0.7765424025201757,0
V00117,0.4537619826467301,0
V00118,0.9746320508893764,1
V00119,0.6706463788133881,0
V00120,0.8437945673521251,0
V00121,0.9432950572817971,1
V00122,0.927060920863307,1
V00123,0.6253209632382125,0
V00124,0.8318444131033612,0
V00125,0.9674354323809902,1
V00126,0.9738832741536098,1
V00127,0.9362449857079368,1
V00128,0.8557660818759023,0
V00129,0.5412903701260879,0
V00130,0.7868005740928445,0
V00131,0.8657306203564719,0
V00132,0.7678236521488212,0
V00133,0.8667757753369802,0
V00134,0.43686785956546326,0
V00135,0.900798705981361,1
V00136,0.575877270249858,0
V00137,0.8283392120837098,0
V00138,0.8884487868267021,0
V00139,0.8201645433001575,0
V00140,0.8904826306400906,0
V00141,0.8275316159269249,0
V00142,0.9656688580358228,1
V00143,0.9176263261304266,1
V00144,0.8412460161505768,0
V00145,0.9231516089384105,1
V00146,0.8404364178732792,0
V00147,0.7502496631862513,0
V00148,0.8225657259661892,0
V00149,0.793590934891541,0
V00150,0.8714803836979037,0
V00151,0.46706925297200297,0
V00152,0.6809459913255078,0
V00153,0.7362552563687893,0
V00154,0.9573882741620774,1
V00155,0.7950510741847032,0
V00156,0.675612425592715,0
V00157,0.703947953014729,0
V00158,0.7957048420725716,0
V00159,0.6610037639958526,0
V00160,0.652971709270477,0
V00161,0.6168267815015718,0
V00162,0.7097453304644062,0
V00163,0.8942480967675991,0
V00164,0.9421540009462869,1
V00165,0.6541416589272196,0
V00166,0.6890557093926025,0
V00167,0.4056839728140297,0
V00168,0.42032945019842266,0
V00169,0.88360531826505,0
V00170,0.8873549027913717,0
V00171,0.7917039492422386,0
V00172,0.678497792062537,0
V00173,0.3000119737839338,0
V00174,0.4349860597707006,0
V00175,0.4914965860524485,0
V00176,0.8455455770207819,0
V00177,0.8867240633549195,0
V00178,0.6686669062583598,0
V00179,0.6050574114700304,0
V00180,0.9324316184647395,1
V00181,0.8211552963782701,0
V00182,0.718842131288025,0
V00183,0.6537778382416738,0
V00184,0.8381491990340962,0
V00185,0.8256582671559723,0
V00186,0.6287493983252262,0
V00187,0.8152507335036496,0
V00188,0.8596961956093562,0
V00189,0.8817023920773313,0
V00190,0.7722471164302858,0
V00191,0.6977372700776687,0
V00192,0.885839749992348,0
V00193,0.8149848840776375,0
V00194,0.832820403267852,0
V00195,0.8845754223099527,0
V00196,0.8404052206445428,0
V00197,0.968079223339798,1
V00198,0.6410784557474348,0
V00199,0.8745411757104706,0
V00200,0.8661894854341442,0
V00201,0.7855096795096352,0
V00202,0.919084792633817,1
V00203,0.895150240272572,0
V00204,0.9067115730533899,1
V00205,0.9004050918712191,1
V00206,0.5243017640259361,0
V00207,0.8479649280622332,0
V00208,0.9472586483977948,1
V00209,0.8792968672766602,0
V00210,0.9106770270786966,1
V00211,0.7007516546482038,0
V00212,0.8439285338169487,0
V00213,0.8476114236950413,0
V00214,0.9392460550331452,1
V00215,0.9130864765812909,1
V00216,0.9387358715769358,1
V00217,0.8365216873565327,0
V00218,0.6989064800768393,0
V00219,0.9036266046878465,1
V00220,0.825590460194021,0
V00221,0.9066431571421538,1
V00222,0.8907733277950416,0
V00223,0.9344865929229781,1
V00224,0.7735125664163973,0
V00225,0.872944800058798,0
V00226,0.7047925774067323,0
V00227,0.8368046873584005,0
V00228,0.9315726510350477,1
V00229,0.6142712483846862,0
V00230,0.9053492777139032,1
V00231,0.8608755118240857,0
V00232,0.8344072764266376,0
V00233,0.7562896699734397,0
V00234,0.4801566740955011,0
V00235,0.8419902730178325,0
V00236,0.9805737816443933,1
V00237,0.9500584298831365,1
V00238,0.6658859867401952,0
V00239,0.8763777697064798,0
V00240,0.5700411375495148,0
V00241,0.88968534758315,0
V00242,0.9219541077472673,1
V00243,0.667534190930509,0
V00244,0.8316578026123641,0
V00245,0.7716559502030507,0
V00246,0.8248484792762429,0
V00247,0.8530065720365735,0
V00248,0.9476603258963379,1
V00249,0.772565767778722,0
V00250,0.7229051091698842,0
V00251,0.8091369506774775,0
V00252,0.6645307795649587,0
V00253,0.7482896592497283,0
V00254,0.8338769517977151,0
V00255,0.9293854370038389,1
V00256,0.43662433949525353,0
V00257,0.8139334779114593,0
V00258,0.7302219823065623,0
V00259,0.8919383548234189,0
V00260,0.631101255730848,0
V00261,0.8814709286397794,0
V00262,0.8190488207031558,0
V00263,0.7748071945347853,0
V00264,0.9518945481262308,1
V00265,0.4321235959099434,0
V00266,0.9208826007699915,1
V00267,0.9406933132426258,1
V00268,0.9574245134752516,1
V00269,0.9040474155992524,1
V00270,0.7658005993785645,0
V00271,0.9251707734476414,1
V00272,0.8486316553095054,0
V00273,0.9471527324800652,1
V00274,0.8914958632134323,0
V00275,0.9127927133387204,1
V00276,0.873754993666195,0
V00277,0.7279997676796571,0
V00278,0.8329574224498559,0
V00279,0.9478289305912917,1
V00280,0.5441218362040303,0
V00281,0.8866219384694762,0
V00282,0.8738507141228172,0
V00283,0.7565422233932021,0
V00284,0.7430786414814686,0
V00285,0.9208963811285381,1
V00286,0.8109206617613117,0
V00287,0.6540001287460734,0
V00288,0.5013035868852038,0
V00289,0.8252736073729877,0
V00290,0.8952528649312104,0
V00291,0.6392978730301964,0
V00292,0.8557595125404144,0
V00293,0.7618851438049999,0
V00294,0.9008153803372729,1
V00295,0.39744587454649655,0
V00296,0.7120266924624824,0
V00297,0.6773367871559037,0
V00298,0.9637667573202139,1
V00299,0.6104877532217798,0
V00300,0.6862320231691605,0
V00301,0.8575934838910426,0
V00302,0.8481317511531844,0
V00303,0.8829273633363963,0
V00304,0.8345748530686528,0
V00305,0.6078405367933708,0
V00306,0.9176817945585403,1
V00307,0.7595078942617307,0
V00308,0.5458948503545136,0
V00309,0.6565440323068926,0
V00310,0.89195100303059,0
V00311,0.8555666890009044,0
V00312,0.7826496984902338,0
V00313,0.6839664870847277,0
V00314,0.8253437507839135,0
V00315,0.8537324772130468,0
V00316,0.9733828050228289,1
V00317,0.7634009751021215,0
V00318,0.9289177145398099,1
V00319,0.8836702766816908,0
V00320,0.7809752722245554,0
V00321,0.8717108558723956,0
V00322,0.886047220974739,0
V00323,0.6907606006022566,0
V00324,0.752826857154456,0
V00325,0.6904315848745579,0
V00326,0.6935711399726716,0
V00327,0.9615672100044775,1
V00328,0.841692579498349,0
V00329,0.8062582945417938,0
V00330,0.9496782614078181,1
V00331,0.881005408298636,0
V00332,0.7151864871464721,0
V00333,0.8059485603447551,0
V00334,0.8359942215041501,0
V00335,0.6100892568724819,0
V00336,0.6822836709096503,0
V00337,0.8181046611598021,0
V00338,0.8313740245227642,0
V00339,0.6387995820145012,0
V00340,0.8007529558062079,0
V00341,0.9229143567480649,1
V00342,0.6906292969306339,0
V00343,0.7961362999598859,0
V00344,0.878142278130784,0
V00345,0.7887920295679355,0
V00346,0.6327520610643886,0
V00347,0.5322319217935212,0
V00348,0.8664877992931828,0
V00349,0.8635933167228595,0
V00350,0.9055694390922583,1
V00351,0.9705494371970234,1
V00352,0.8527894390440088,0
V00353,0.8127643726060584,0
V00354,0.6587706477077715,0
V00355,0.8717714022694392,0
V00356,0.766334182764339,0
V00357,0.9213825594200836,1
V00358,0.7933113086792505,0
V00359,0.7145804139907932,0
V00360,0.8515811603309894,0
V00361,0.8785204747590099,0
V00362,0.8968380727890709,0
V00363,0.5716002999475599,0
V00364,0.7788961513561002,0
V00365,0.9439392655549266,1
V00366,0.887761689695656,0
V00367,0.6719822412623917,0
V00368,0.553118144336981,0
V00369,0.9136202563233838,1
V00370,0.8476200644770238,0
V00371,0.7251098579028439,0
V00372,0.7310028187838777,0
V00373,0.9377691204339358,1
V00374,0.7361603285547226,0
V00375,0.5465894338947642,0
V00376,0.6751150942184623,0
V00377,0.8599205671382812,0
V00378,0.7761671916129597,0
V00379,0.9031804628026818,1
V00380,0.9426171088929466,1
V00381,0.8005045572451106,0
V00382,0.40099620632307925,0
V00383,0.8015924623247577,0
V00384,0.7863875953621368,0
V00385,0.8280633304506015,0
V00386,0.8926843239449905,0
V00387,0.8414440834259298,0
V00388,0.5838778956741082,0
V00389,0.8925219534421888,0
V00390,0.9549431364967834,1
V00391,0.9563280061469983,1
V00392,0.8421339564716334,0
V00393,0.9080054013681292,1
V00394,0.9421372965094938,1
V00395,0.8285584721865549,0
V00396,0.8290007029040738,0
V00397,0.7025225956153088,0
V00398,0.6471001302607292,0
V00399,0.9775161176641229,1
V00400,0.9217548837154769,1
V00401,0.9441875259933502,1
V00402,0.8427615118289045,0
V00403,0.8106831363034869,0
V00404,0.8254110765381024,0
V00405,0.6616851493003161,0
V00406,0.9373344568092814,1
V00407,0.8540508930504326,0
V00408,0.6675131030152289,0
V00409,0.9319610783813633,1
V00410,0.9200209599525248,1
V00411,0.9501791523342844,1
V00412,0.9732027558288306,1
V00413,0.4596723808718375,0
V00414,0.8721774099792219,0
V00415,0.726842085994666,0
V00416,0.8656825097125351,0
V00417,0.8437768468593779,0
V00418,0.9346042541986871,1
V00419,0.8134489800712635,0
V00420,0.7120566885302555,0
V00421,0.9504247027290522,1
V00422,0.9052300009449518,1
V00423,0.9144103424867032,1
V00424,0.7202840074343737,0
V00425,0.892448118753292,0
V00426,0.7590376551710917,0
V00427,0.9225067066610894,1
V00428,0.9449369438520191,1
V00429,0.5415831421341086,0
V00430,0.5705103208100236,0
V00431,0.5730715198198674,0
V00432,0.7111682052981967,0
V00433,0.8416963919907651,0
V00434,0.7516135698455408,0
V00435,0.5434505002474834,0
V00436,0.5575473564235731,0
V00437,0.9192851539613967,1
V00438,0.8872195067846712,0
V00439,0.9174765805770358,1
V00440,0.823005059082018,0
V00441,0.912753865661936,1
V00442,0.9008253178524094,1
V00443,0.88878078398167,0
V00444,0.9413387946879085,1
V00445,0.8474933452082439,0
V00446,0.8993178887198481,1
V00447,0.8059577999614078,0
V00448,0.6677999102823431,0
V00449,0.6590228415395463,0
V00450,0.6866380840028443,0
V00451,0.8379630838825358,0
V00452,0.6773613296303551,0
V00453,0.9210235502871218,1
V00454,0.7585762638315168,0
V00455,0.9831270269683928,1
V00456,0.8241989648425667,0
V00457,0.7979319968828803,0
V00458,0.809455945659066,0
V00459,0.7162260671218228,0
V00460,0.9321594842158377,1
V00461,0.9100446808404322,1
V00462,0.8012386707368974,0
V00463,0.9100382268083743,1
V00464,0.784759062247406,0
V00465,0.8221241379697684,0
V00466,0.8551299646524706,0
V00467,0.8855951523203809,0
V00468,0.8134414261127774,0
V00469,0.912524976453232,1
V00470,0.917057178642361,1
V00471,0.7452869867400309,0
V00472,0.9036903324499179,1
V00473,0.7702080378930148,0
V00474,0.435027167872939,0
V00475,0.8618887960106031,0
V00476,0.9041062442148232,1
V00477,0.9316325370398382,1
V00478,0.8627483878226387,0
V00479,0.6484725091382199,0
V00480,0.7017198906838963,0
V00481,0.7723593812789564,0
V00482,0.8608688986827793,0
V00483,0.9161871761120631,1
V00484,0.48561244477168153,0
V00485,0.8303820207015297,0
V00486,0.7793629483627984,0
V00487,0.9740710731948145,1
V00488,0.6039076153637852,0
V00489,0.7679952680856389,0
V00490,0.4614819822360717,0
V00491,0.8435557391885731,0
V00492,0.6519020363823598,0
V00493,0.8212172807738319,0
V00494,0.6663232230992945,0
V00495,0.884279955559502,0
V00496,0.4156664737132917,0
V00497,0.7979066321949365,0
V00498,0.558652012063881,0
V00499,0.704842212957686,0
V00500,0.7776227994684995,0
V00501,0.9388775998079247,1
V00502,0.632532580043327,0
V00503,0.8986192823280814,0
V00504,0.9160159722968527,1
V00505,0.8285876687436401,0
V00506,0.9111572726545466,1
V00507,0.8527526779780497,0
V00508,0.785586434370345,0
V00509,0.7989612037109401,0
V00510,0.8849772367835838,0
V00511,0.7724188849306048,0
V00512,0.9004991887410378,1
V00513,0.8141942404315037,0
V00514,0.9412053666279091,1
V00515,0.8929607183049679,0
V00516,0.7730173113978427,0
V00517,0.8603235049526972,0
V00518,0.8023139782542233,0
V00519,0.7887104323795946,0
V00520,0.8982435611531571,0
V00521,0.8824081658894094,0
V00522,0.7177305317376986,0
V00523,0.7810265520297713,0
V00524,0.8735050787282972,0
V00525,0.8128301651017715,0
V00526,0.7987419478554442,0
V00527,0.4856877650898826,0
V00528,0.908534660687986,1
V00529,0.8586618192054037,0
V00530,0.8863643696023584,0
V00531,0.892625955376993,0
V00532,0.9524138828688321,1
V00533,0.5081022839769191,0
V00534,0.963445688765396,1
V00535,0.7575212356062277,0
V00536,0.938617866228551,1
V00537,0.9383731103128817,1
V00538,0.8992741410807954,0
V00539,0.7735811702782148,0
V00540,0.9593571228473695,1
V00541,0.618180827611963,0
V00542,0.7337698608104517,0
V00543,0.9678158022644839,1
V00544,0.763703859366504,0
V00545,0.9276927315806363,1
V00546,0.8457883685200362,0
V00547,0.6402009430852589,0
V00548,0.6246103376320816,0
V00549,0.9532047182211892,1
V00550,0.8296510940474491,0
V00551,0.7430976346096154,0
V00552,0.7921997865406327,0
V00553,0.8530114357790392,0
V00554,0.6370621329421324,0
V00555,0.4370648749943429,0
V00556,0.8068852459181287,0
V00557,0.9223767798306983,1
V00558,0.7994043123721023,0
V00559,0.8635294260693964,0
V00560,0.9506003047437587,1
V00561,0.9180138785232622,1
V00562,0.4647806215637603,0
V00563,0.5972548114351998,0
V00564,0.7673844854465408,0
V00565,0.8313948635463555,0
V00566,0.834350858237389,0
V00567,0.8665459994343301,0
V00568,0.7428922996352602,0
V00569,0.8772382578265043,0
V00570,0.8330676889743125,0
V00571,0.9278204775209686,1
V00572,0.9688317347229184,1
V00573,0.9067253303192485,1
V00574,0.37600024427775985,0
V00575,0.8829735257350085,0
V00576,0.9133521140046249,1
V00577,0.8505018201061963,0
V00578,0.6854375781108204,0
V00579,0.6604353798726335,0
V00580,0.9513636452610537,1
V00581,0.8278732237432805,0
V00582,0.8339373884625086,0
V00583,0.8275512454347944,0
V00584,0.8353997961437374,0
V00585,0.8294038606405137,0
V00586,0.882770279799502,0
V00587,0.6999688474581058,0
V00588,0.9825660312380358,1
V00589,0.8895745298558466,0
V00590,0.8110071656024206,0
V00591,0.9717478153848721,1
V00592,0.6533845328970621,0
V00593,0.6598639913599148,0
V00594,0.8389230433643767,0
V00595,0.8181919101572496,0
V00596,0.8959021784203679,0
V00597,0.795009383606446,0
V00598,0.9393979303414703,1
V00599,0.9186555884802244,1
V00600,0.9387794834167438,1
V00601,0.9729520852004652,1
V00602,0.8968279241978881,0
V00603,0.41352373898090855,0
V00604,0.706021362764956,0
V00605,0.8211087139602307,0
V00606,0.9207273119045059,1
V00607,0.7533816300080637,0
V00608,0.8542250137546294,0
V00609,0.7861494517921375,0
V00610,0.7907945018331409,0
V00611,0.904881005497383,1
V00612,0.8721606816334313,0
V00613,0.504388739416116,0
V00614,0.8716224732009389,0
V00615,0.810229988342204,0
V00616,0.5731249090098139,0
V00617,0.8843880080672238,0
V00618,0.46282419145611897,0
V00619,0.6849782546341874,0
V00620,0.9158736835910544,1
V00621,0.5375612579851543,0
V00622,0.7247258442355852,0
V00623,0.9487520752758541,1
V00624,0.852316450933218,0
V00625,0.8483031066716318,0
V00626,0.8203761256273281,0
V00627,0.9413058933756328,1
V00628,0.9139853309175779,1
V00629,0.9636022637360815,1
V00630,0.8470838475804487,0
V00631,0.94527933433798,1
V00632,0.8582361534699501,0
V00633,0.8476538282972185,0
V00634,0.7760629069923868,0
V00635,0.5603993433176585,0
V00636,0.9697526167263828,1
V00637,0.6617509719610559,0
V00638,0.8637818689694535,0
V00639,0.8310787435034147,0
V00640,0.7856579391247014,0
V00641,0.4094538904387452,0
V00642,0.783695814689389,0
V00643,0.8950529442084382,0
V00644,0.7093652346813465,0
V00645,0.8642499253560367,0
V00646,0.7059085074327006,0
V00647,0.9703811438448565,1
V00648,0.8635542651677938,0
V00649,0.9207091336107204,1
V00650,0.7091940703746321,0
V00651,0.5320701986162164,0
V00652,0.9644443136588575,1
V00653,0.783278206411695,0
V00654,0.850984835685627,0
V00655,0.429831293216314,0
V00656,0.9020230415537261,1
V00657,0.9449752899588209,1
V00658,0.9697805495837605,1
V00659,0.6035896970284069,0
V00660,0.8528308033468391,0
V00661,0.7348533709758646,0
V00662,0.9080329238110423,1
V00663,0.8203010660183677,0
V00664,0.7432526956338897,0
V00665,0.5992176836099823,0
V00666,0.7752323598756697,0
V00667,0.7679957312377588,0
V00668,0.669862286718091,0
V00669,0.8708778625373137,0
V00670,0.6235794129738541,0
V00671,0.8720487441701127,0
V00672,0.8253141851598308,0
V00673,0.8085779769880124,0
V00674,0.920650504704966,1
V00675,0.8835519477070025,0
V00676,0.7004595131331972,0
V00677,0.8854688268572758,0
V00678,0.9826168175782798,1
V00679,0.8586141374677182,0
V00680,0.9296098303630996,1
V00681,0.6898576806663416,0
V00682,0.7423269359902397,0
V00683,0.6658117374921052,0
V00684,0.9241202760572582,1
V00685,0.8553757018379056,0
V00686,0.8998783532450609,1
V00687,0.8920975477054939,0
V00688,0.6881594898190535,0
V00689,0.9022237111841084,1
V00690,0.9712614948322793,1
V00691,0.9024002204149939,1
V00692,0.9220414787712118,1
V00693,0.8625373488871722,0
V00694,0.8070494360198456,0
V00695,0.9016124459251632,1
V00696,0.7068326273895401,0
V00697,0.9090570304978951,1
V00698,0.8786892167628436,0
V00699,0.8573685975260923,0
V00700,0.8981349587149756,0
V00701,0.6173152626432827,0
V00702,0.8341256357617096,0
V00703,0.7601704598000967,0
V00704,0.9372447418421261,1
V00705,0.9531683814836319,1
V00706,0.8005247012162224,0
V00707,0.7412281200837255,0
V00708,0.8865193144256218,0
V00709,0.5748552872691741,0
V00710,0.5993916320780724,0
V00711,0.331307556320428,0
V00712,0.6194805849276165,0
V00713,0.7779057180436293,0
V00714,0.5799148854464228,0
V00715,0.5144609097285551,0
V00716,0.7945115608974627,0
V00717,0.9563720710361402,1
V00718,0.8629799310676108,0
V00719,0.9313287555931049,1
V00720,0.6198753763598411,0
V00721,0.8682603309853706,0
V00722,0.8978371632231578,0
V00723,0.8368670632470024,0
V00724,0.714625882120933,0
V00725,0.6617912248164338,0
V00726,0.8928715495833855,0
V00727,0.7953817803400397,0
V00728,0.9528022985878596,1
V00729,0.8514700455333856,0
V00730,0.9018673482566105,1
V00731,0.7517813545590809,0
V00732,0.8332103232484972,0
V00733,0.8513610760629189,0
V00734,0.8459385635201968,0
V00735,0.920468835840653,1
V00736,0.972161471556808,1
V00737,0.8364564990588692,0
V00738,0.5802257031407125,0
V00739,0.6077789710499688,0
V00740,0.7805532136775973,0
V00741,0.9091016459844712,1
V00742,0.7140367272040313,0
V00743,0.7295915039449387,0
V00744,0.9505167283018899,1
V00745,0.953572434724974,1
V00746,0.8776040675046255,0
V00747,0.6791506206366967,0
V00748,0.5492480107491227,0
V00749,0.8515800439993628,0
V00750,0.8373721775206002,0
V00751,0.47209019734711155,0
V00752,0.877722615395102,0
V00753,0.8134339687642481,0
V00754,0.9072560952176177,1
V00755,0.7918194081232304,0
V00756,0.9271473898375193,1
V00757,0.7080101500664828,0
V00758,0.8600816225745723,0
V00759,0.9174847474765645,1
V00760,0.5967099923143859,0
V00761,0.6572686393140794,0
V00762,0.5700271339240408,0
V00763,0.9237035336554767,1
V00764,0.747444491110405,0
V00765,0.7041424500836434,0
V00766,0.8396499332223806,0
V00767,0.9584254694836444,1
V00768,0.9432904501629203,1
V00769,0.7497005416482964,0
V00770,0.9107752744720027,1
V00771,0.6909190105412875,0
V00772,0.6961642520401232,0
V00773,0.9460904978166179,1
V00774,0.642454527250717,0
V00775,0.747899168330421,0
V00776,0.697935137273674,0
V00777,0.863458857815379,0
V00778,0.5704205622588809,0
V00779,0.892160771216321,0
V00780,0.9452859909472238,1
V00781,0.9728323813698496,1
V00782,0.8835392206773299,0
V00783,0.9569628012695506,1
V00784,0.7159831550175074,0
V00785,0.8798024137719269,0
V00786,0.6916919044525327,0
V00787,0.7811057297194747,0
V00788,0.9342898002246687,1
V00789,0.7887581874524443,0
V00790,0.9394284897725992,1
V00791,0.8321777886693665,0
V00792,0.5770405919481013,0
V00793,0.8300910663645545,0
V00794,0.8789153131030535,0
V00795,0.7093035237015256,0
V00796,0.9089535706978086,1
V00797,0.7613946556483361,0
V00798,0.8342673594064406,0
V00799,0.7198362633018329,0
V00800,0.8635542212741076,0
V00801,0.8492703605960895,0
V00802,0.7047783483368596,0
V00803,0.7677013148699707,0
V00804,0.805968589459113,0
V00805,0.8611943877928225,0
V00806,0.6095169269102974,0
V00807,0.7867206722930856,0
V00808,0.9715502546229909,1
V00809,0.836235074065255,0
V00810,0.6429153394358863,0
V00811,0.9386942897383235,1
V00812,0.9654595445229885,1
V00813,0.878177407102844,0
V00814,0.913408254858261,1
V00815,0.7938964509505028,0
V00816,0.6777040084155721,0
V00817,0.8893313060854758,0
V00818,0.8700218076982008,0
V00819,0.9131198667846047,1
V00820,0.9546358958960484,1
V00821,0.7085111498141029,0
V00822,0.7852338030773434,0
V00823,0.8611431178118468,0
V00824,0.5054358150684694,0
V00825,0.8301127210453163,0
V00826,0.7662917460910269,0
V00827,0.8618175199326582,0
V00828,0.8876401657713834,0
V00829,0.7104746848160445,0
V00830,0.8123454356249301,0
V00831,0.9052129147089395,1
V00832,0.7140702136871412,0
V00833,0.8220816923118611,0
V00834,0.4819890187188555,0
V00835,0.6378101678755427,0
V00836,0.6523192456589607,0
V00837,0.48088866683323317,0
V00838,0.8325796381740137,0
V00839,0.7754918713699085,0
V00840,0.8069913370945121,0
V00841,0.9415829164510606,1
V00842,0.6314988918570342,0
V00843,0.7297219583312196,0
V00844,0.8140271634289992,0
V00845,0.6916401738287472,0
V00846,0.7620796167166107,0
V00847,0.9281323922454595,1
V00848,0.8155169713853355,0
V00849,0.8667477721078563,0
V00850,0.8875655120204853,0
V00851,0.9133028600021376,1
V00852,0.7127607845635818,0
V00853,0.763533210787605,0
V00854,0.89400644771656,0
V00855,0.7625602567998916,0
V00856,0.633948321066569,0
V00857,0.884773492690613,0
V00858,0.7913470630665477,0
V00859,0.6179590814671897,0
V00860,0.8292813507103033,0
V00861,0.45158622826949385,0
V00862,0.8989435600741396,0
V00863,0.942170721861285,1
V00864,0.9126840025996114,1
V00865,0.7760436996557525,0
V00866,0.6918088562549687,0
V00867,0.8303929985426117,0
V00868,0.9185082339960788,1
V00869,0.7028523697179524,0
V00870,0.8304248327534669,0
V00871,0.863460023005689,0
V00872,0.8876607445680685,0
V00873,0.9523501996852932,1
V00874,0.7595556297082593,0
V00875,0.8515719016622117,0
V00876,0.7926946930508412,0
V00877,0.9729514897192154,1
V00878,0.7829909695392602,0
V00879,0.8318704959291419,0
V00880,0.918212500512271,1
V00881,0.9419574096740602,1
V00882,0.9552111104974057,1
V00883,0.615177662977408,0
V00884,0.8543578894722492,0
V00885,0.9307995509737952,1
V00886,0.8984321138123692,0
V00887,0.7642260157512548,0
V00888,0.88036241289223,0
V00889,0.8718874857397647,0
V00890,0.8803236317429056,0
V00891,0.7099750539982248,0
V00892,0.7824586361301792,0
V00893,0.7332662174888978,0
V00894,0.9757116455831908,1
V00895,0.9377461234158677,1
V00896,0.6545362636983966,0
V00897,0.9535106519817146,1
V00898,0.8855359085382415,0
V00899,0.9579821404618052,1
V00900,0.8683139337325702,0
V00901,0.6824044365814032,0
V00902,0.6870962331323255,0
V00903,0.5161157339973033,0
V00904,0.7198493560284241,0
V00905,0.8607134704227606,0
V00906,0.9516960620675673,1
V00907,0.7752040920887211,0
V00908,0.9605326110437721,1
V00909,0.9192765584962586,1
V00910,0.5114506982529329,0
V00911,0.8003804480436157,0
V00912,0.7365982258779924,0
V00913,0.8279313782886929,0
V00914,0.7091710774471047,0
V00915,0.7065462668196806,0
V00916,0.7949078053873561,0
V00917,0.7852798589547387,0
V00918,0.9007693095225685,1
V00919,0.3219581665596196,0
V00920,0.9210095682454331,1
V00921,0.7173992166594733,0
V00922,0.6481024632945909,0
V00923,0.5721860477466464,0
V00924,0.8221194738301347,0
V00925,0.90623066377066,1
V00926,0.8834352317095099,0
V00927,0.8479406479654593,0
V00928,0.890456418944163,0
V00929,0.4856343265595971,0
V00930,0.8546338449987405,0
V00931,0.8178609103772916,0
V00932,0.6708553874945797,0
V00933,0.9444724199518806,1
V00934,0.9176090197017054,1
V00935,0.8746339338876588,0
V00936,0.9451321729696509,1
V00937,0.6832335126073641,0
V00938,0.7280534239416518,0
V00939,0.8673999907265842,0
V00940,0.8187805690445469,0
V00941,0.9218053447252655,1
V00942,0.7118871377839396,0
V00943,0.7588992689393914,0
V00944,0.9272126573217077,1
V00945,0.6870541751396512,0
V00946,0.9850494757794148,1
V00947,0.590017115638164,0
V00948,0.675145781392882,0
V00949,0.9600054876938311,1
V00950,0.8586408291855777,0
V00951,0.3551351189702757,0
V00952,0.9563033506236078,1
V00953,0.8704860981456062,0
V00954,0.9496856478710608,1
V00955,0.7176917216856175,0
V00956,0.8967184999352134,0
V00957,0.9176661600493288,1
V00958,0.9071137211876819,1
V00959,0.780106647320764,0
V00960,0.8303826385503505,0
V00961,0.8770879866037412,0
V00962,0.796470737372596,0
V00963,0.9738268618842111,1
V00964,0.4129671753640353,0
V00965,0.8141972803633782,0
V00966,0.9429981981672216,1
V00967,0.9664683841219895,1
V00968,0.8880255383283294,0
V00969,0.6347574645154281,0
V00970,0.6890876418690495,0
V00971,0.935998449601556,1
V00972,0.7089498554884581,0
V00973,0.9120179753350816,1
V00974,0.6980279022161413,0
V00975,0.9431626646902868,1
V00976,0.7000948428596192,0
V00977,0.8584831152269788,0
V00978,0.8885337422993892,0
V00979,0.8842630079706458,0
V00980,0.8079477203791258,0
V00981,0.8699689797335145,0
V00982,0.723595797700692,0
V00983,0.9369882877680771,1
V00984,0.9252861291506913,1
V00985,0.8666895423578076,0
V00986,0.9262717792963231,1
V00987,0.8037887816044649,0
V00988,0.8564290296772122,0
V00989,0.9750870393287182,1
V00990,0.6145534088384035,0
V00991,0.9317587148909016,1
V00992,0.7440249655096532,0
V00993,0.8383793530625814,0
V00994,0.7708940666374933,0
V00995,0.7677884842796128,0
V00996,0.7374196878869502,0
V00997,0.932446662814107,1
V00998,0.7811218907103005,0
V00999,0.5877991356553082,0
V01000,0.9606133052886487,1
V01001,0.3193651947622308,0
V01002,0.9161941816347765,1
V01003,0.8651670295998711,0
V01004,0.9522302218451948,1
V01005,0.8115938739807379,0
V01006,0.897960604157425,0
V01007,0.9308023606733399,1
V01008,0.4661248844124494,0
V01009,0.8516009081562641,0
V01010,0.6941533576985471,0
V01011,0.784777774752148,0
V01012,0.7519344856446837,0
V01013,0.8834765917481086,0
V01014,0.9428740505722298,1
V01015,0.8962729083009557,0
V01016,0.6803811235974033,0
V01017,0.7793377207437272,0
V01018,0.51544848535001,0
V01019,0.8398453077943668,0
V01020,0.8553743147099294,0
V01021,0.787907820911744,0
V01022,0.785498083238211,0
V01023,0.8342615217320232,0
V01024,0.8958003717379817,0
V01025,0.9340992424149598,1
V01026,0.7661747014694933,0
V01027,0.7941658949190439,0
V01028,0.6751820489974784,0
V01029,0.8000385688613983,0
V01030,0.6695868889424447,0
V01031,0.6944321994091442,0
V01032,0.9701077193564861,1
V01033,0.5694431242671836,0
V01034,0.3588546418274096,0
V01035,0.9530531278407041,1
V01036,0.9133413622344952,1
V01037,0.8841352315379211,0
V01038,0.8252642093898415,0
V01039,0.5900069302198516,0
V01040,0.8519183858781121,0
V01041,0.7038645880294739,0
V01042,0.5417244455956447,0
V01043,0.7794571911281312,0
V01044,0.7322854113796688,0
V01045,0.5157031824486158,0
V01046,0.8938600067489836,0
V01047,0.6968077944038278,0
V01048,0.8432389450057467,0
V01049,0.6688684996583489,0
V01050,0.6605492059217848,0
V01051,0.9329779301575403,1
V01052,0.8630797982478073,0
V01053,0.8873779025912653,0
V01054,0.9571073799102621,1
V01055,0.9232616324343338,1
V01056,0.8802827342407699,0
V01057,0.6512022479969036,0
V01058,0.6824706076409716,0
V01059,0.8955686690355428,0
V01060,0.9122232284793077,1
V01061,0.9568182322313238,1
V01062,0.9097160756928777,1
V01063,0.8986379759893364,0
V01064,0.8706628028072838,0
V01065,0.6443769116568362,0
V01066,0.45785685043272145,0
V01067,0.9507525055389897,1
V01068,0.6820632464200143,0
V01069,0.7298089840834538,0
V01070,0.8063543342716831,0
V01071,0.6599495902726026,0
V01072,0.5944081927529112,0
V01073,0.844104941426388,0
V01074,0.8078093438104468,0
V01075,0.8040236516054815,0
V01076,0.762422464806982,0
V01077,0.9138542205914932,1
V01078,0.8356020825838407,0
V01079,0.844217514079149,0
V01080,0.9596644682240802,1
V01081,0.5831461573283605,0
V01082,0.8327423645575632,0
V01083,0.7972176023235883,0
V01084,0.7771030064297701,0
V01085,0.9103822577236975,1
V01086,0.731956619783115,0
V01087,0.8702055253333946,0
V01088,0.951556278352266,1
V01089,0.9543653453247829,1
V01090,0.9096502206082446,1
V01091,0.9163770379217846,1
V01092,0.34342493191189905,0
V01093,0.8489067335897982,0
V01094,0.6650365585024152,0
V01095,0.7728585280945253,0
V01096,0.6321676599264218,0
V01097,0.9483939623387619,1
V01098,0.9500776224640313,1
V01099,0.8440059756577128,0
V01100,0.8527454616124523,0
V01101,0.7470167705579611,0
V01102,0.47756511669188206,0
V01103,0.8942588980970344,0
V01104,0.9455990000366216,1
V01105,0.7915249180425397,0
V01106,0.45274386804420674,0
V01107,0.8400874186683505,0
V01108,0.9433579069190611,1
V01109,0.5480312238488098,0
V01110,0.8761395279399724,0
V01111,0.9715262606990142,1
V01112,0.7769822646150597,0
V01113,0.8539718498502314,0
V01114,0.8192716199972223,0
V01115,0.793595698007908,0
V01116,0.8811794058248704,0
V01117,0.8541124937973533,0
V01118,0.8961830044036627,0
V01119,0.9216200724560177,1
V01120,0.8733999553007659,0
V01121,0.9522721056960277,1
V01122,0.8362067754498325,0
V01123,0.5140332068238093,0
V01124,0.8120432224517566,0
V01125,0.8898062324165933,0
V01126,0.5697939184301201,0
V01127,0.8175032283544996,0
V01128,0.8733660502000313,0
V01129,0.7939426278685651,0
V01130,0.9505170135718775,1
V01131,0.8882727815322434,0
V01132,0.573441555488375,0
V01133,0.8522081109976966,0
V01134,0.7132324809607469,0
V01135,0.8445348089956063,0
V01136,0.6116550559223376,0
V01137,0.8487155640455079,0
V01138,0.7813807730990844,0
V01139,0.7964370558694855,0
V01140,0.85328452167111,0
V01141,0.9666742625003517,1
V01142,0.6822669721593498,0
V01143,0.9391743111331696,1
V01144,0.7612724897549462,0
V01145,0.9152535745427544,1
V01146,0.8528706599300158,0
V01147,0.8512891940412826,0
V01148,0.8699149760075222,0
V01149,0.7669116660014771,0
V01150,0.6791323254804807,0
V01151,0.9485732061108527,1
V01152,0.8773054574247746,0
V01153,0.959377275750437,1
V01154,0.8577999208077527,0
V01155,0.7149196744097354,0
V01156,0.6708406164912649,0
V01157,0.7009512159948914,0
V01158,0.8762825246329478,0
V01159,0.952012139545031,1
V01160,0.6479697104680187,0
V01161,0.7882434104015279,0
V01162,0.8631836942835168,0
V01163,0.7424224778441052,0
V01164,0.9459455271707894,1
V01165,0.7370679586465866,0
V01166,0.7711993988657095,0
V01167,0.688578866308857,0
V01168,0.8744491787431863,0
V01169,0.877503672159834,0
V01170,0.9119664785775726,1
V01171,0.5529400313799052,0
V01172,0.760528976819099,0
V01173,0.8050358336969087,0
V01174,0.8545891508855369,0
V01175,0.8742990819629315,0
V01176,0.663449379812641,0
V01177,0.8263422469864686,0
V01178,0.7545128082067053,0
V01179,0.9720579708449117,1
V01180,0.8893974009498773,0
V01181,0.8940418349716778,0
V01182,0.8355062313841863,0
V01183,0.8348548563852914,0
V01184,0.7316439715435106,0
V01185,0.7508672816034392,0
V01186,0.9351910516290526,1
V01187,0.8794484888047903,0
V01188,0.511244915225423,0
V01189,0.7025250801631235,0
V01190,0.6821108011760127,0
V01191,0.9670957265269722,1
V01192,0.9262465093536228,1
V01193,0.7573181214414598,0
V01194,0.9150232176520137,1
V01195,0.8692797604490275,0
V01196,0.8096956394951446,0
V01197,0.9767303561931641,1
V01198,0.7307672520652354,0
V01199,0.9652966052751802,1
V01200,0.8512495483832235,0
V01201,0.6804572458005133,0
V01202,0.8920053469824657,0
V01203,0.8656065731976608,0
V01204,0.6170323854870511,0
V01205,0.7760853393772204,0
V01206,0.8364845375583709,0
V01207,0.9060046963989925,1
V01208,0.778511526473224,0
V01209,0.5566221042588758,0
V01210,0.931842102037405,1
V01211,0.3700272872365144,0
V01212,0.7135358671753127,0
V01213,0.7422754575585901,0
V01214,0.6580168655017191,0
V01215,0.9063631453498426,1
V01216,0.7179558780150254,0
V01217,0.8195239914593628,0
V01218,0.9221164572816566,1
V01219,0.9027031051777682,1
V01220,0.974471194388482,1
V01221,0.8043123919249424,0
V01222,0.8068684947663205,0
V01223,0.8272644422310279,0
V01224,0.9494098995829567,1
V01225,0.9270596760942711,1
V01226,0.8390632759141643,0
V01227,0.8764146504561885,0
V01228,0.9245087347717019,1
V01229,0.5947373940720784,0
V01230,0.7105047920276465,0
V01231,0.9016569966235657,1
V01232,0.728560575967879,0
V01233,0.8601374148724538,0
V01234,0.8631332333886427,0
V01235,0.5596320537538788,0
V01236,0.9380067045231059,1
V01237,0.6123117733062122,0
V01238,0.704534307272329,0
V01239,0.5513460810074337,0
V01240,0.4773400215782273,0
V01241,0.9745698378000747,1
V01242,0.9860313708238674,1
V01243,0.8635046674665597,0
V01244,0.5215894060779451,0
V01245,0.6392468635091203,0
V01246,0.6151093812440344,0
V01247,0.7973944897121146,0
V01248,0.9217975555980039,1
V01249,0.8526208550832403,0
V01250,0.6763960760465657,0
V01251,0.8681722303374514,0
V01252,0.6938894999167341,0
V01253,0.7019618716537832,0
V01254,0.7401086122701399,0
V01255,0.8714576139579382,0
V01256,0.9694069518276683,1
V01257,0.5221511339749204,0
V01258,0.83680251270944,0
V01259,0.9389634819245818,1
V01260,0.9646875511711558,1
V01261,0.9354215347277278,1
V01262,0.8969692741288218,0
V01263,0.6250744750887525,0
V01264,0.7351244524689033,0
V01265,0.9550014762531749,1
V01266,0.5055385237345825,0
V01267,0.9429792062167475,1
V01268,0.7639239797788131,0
V01269,0.9643345788644742,1
V01270,0.8122802801546378,0
V01271,0.9034611764881213,1
V01272,0.8704086359944675,0
V01273,0.7517806353281085,0
V01274,0.9790328677258997,1
V01275,0.8203717906593703,0
V01276,0.6853299045238244,0
V01277,0.8629542571902683,0
V01278,0.8352768916451853,0
V01279,0.942503060570831,1
V01280,0.8506192725240131,0
V01281,0.759667361672867,0
V01282,0.8742737456122642,0
V01283,0.7625287927460904,0
V01284,0.6605940133167154,0
V01285,0.8577932705853774,0
V01286,0.9121728384695758,1
V01287,0.8950408110728799,0
V01288,0.922166287241402,1
V01289,0.9346188090774011,1
V01290,0.7665431245857913,0
V01291,0.888230239767144,0
V01292,0.8613798114085762,0
V01293,0.8764317285753769,0
V01294,0.7286159832736591,0
V01295,0.8380896948300643,0
V01296,0.8200584501007709,0
V01297,0.9208362769633648,1
V01298,0.7097377544120372,0
V01299,0.6108604325105832,0
V01300,0.7875190032729721,0
V01301,0.8411530298969347,0
V01302,0.8479626222123303,0
V01303,0.9396608833213752,1
V01304,0.8927597769040709,0
V01305,0.9302976009309218,1
V01306,0.8694818329849444,0
V01307,0.9054005510335018,1
V01308,0.7552430378131794,0
V01309,0.8660285743282538,0
V01310,0.813888854258334,0
V01311,0.8179146089081117,0
V01312,0.918187677282378,1
V01313,0.4565697731320581,0
V01314,0.8420430221999693,0
V01315,0.8100912179351147,0
V01316,0.906200172052405,1
V01317,0.9252662768803507,1
V01318,0.6212501624165291,0
V01319,0.7891346190753821,0
V01320,0.8275279423986386,0
V01321,0.7443241489767951,0
V01322,0.8676875822015231,0
V01323,0.8273981957109818,0
V01324,0.5608236384371156,0
V01325,0.8610614086980003,0
V01326,0.6901319456804242,0
V01327,0.8328483998147775,0
V01328,0.786738577755242,0
V01329,0.354011415981402,0
V01330,0.7491023403758849,0
V01331,0.867553549258036,0
V01332,0.8129791636129878,0
V01333,0.8627505248723417,0
V01334,0.5525499605677903,0
V01335,0.6162832567414084,0
V01336,0.9605200231853233,1
V01337,0.8757516340487853,0
V01338,0.7749470351608004,0
V01339,0.9464920515246994,1
V01340,0.8031838695681408,0
V01341,0.88690516536802,0
V01342,0.8809405634186809,0
V01343,0.8984364553781317,0
V01344,0.9476432017444354,1
V01345,0.7288839033131351,0
V01346,0.8825628807745102,0
V01347,0.8557876582476005,0
V01348,0.4251551323107505,0
V01349,0.6619689283576831,0
V01350,0.6442568327717875,0
V01351,0.7563307574681106,0
V01352,0.9637047230134455,1
V01353,0.8520701698299894,0
V01354,0.9536698817822211,1
V01355,0.8201021463476734,0
V01356,0.9271659887525764,1
V01357,0.6793804016085702,0
V01358,0.6952870353892343,0
V01359,0.6390133709843211,0
V01360,0.8676349983882767,0
V01361,0.850898100014515,0
V01362,0.9797718238451225,1
V01363,0.8197790294820924,0
V01364,0.7132998717495713,0
V01365,0.5673045271246664,0
V01366,0.7176740658752794,0
V01367,0.7384586150054486,0
V01368,0.7720787536827608,0
V01369,0.962959577469547,1
V01370,0.6443158418704474,0
V01371,0.9142123067372048,1
V01372,0.7940959361657667,0
V01373,0.6931321783638643,0
V01374,0.8144552139520717,0
V01375,0.8280637729124392,0
V01376,0.8342024555068618,0
V01377,0.7733809892400317,0
V01378,0.9710157927955055,1
V01379,0.8127006606463428,0
V01380,0.8646131499073917,0
V01381,0.8510343249943707,0
V01382,0.8813385997004449,0
V01383,0.779754534434068,0
V01384,0.729231818800648,0
V01385,0.9323339450772002,1
V01386,0.8059671793600367,0
V01387,0.8684646912211819,0
V01388,0.6871823173501407,0
V01389,0.8895395976119304,0
V01390,0.8975617082134311,0
V01391,0.5027663465094805,0
V01392,0.4774647558984327,0
V01393,0.7123793741446993,0
V01394,0.8362661629339597,0
V01395,0.9209634407526456,1
V01396,0.893330732346222,0
V01397,0.829309282586341,0
V01398,0.7247701512729099,0
V01399,0.8559253970011299,0
V01400,0.953579825945878,1
V01401,0.7630746393966943,0
V01402,0.8526027871175288,0
V01403,0.8499849005921377,0
V01404,0.867566059886083,0
V01405,0.3631503332977405,0
V01406,0.8897324359599428,0
V01407,0.9337617643152638,1
V01408,0.6122987319557813,0
V01409,0.5606481155629568,0
V01410,0.9047538004590187,1
V01411,0.7733443455152005,0
V01412,0.9016853375511664,1
V01413,0.5500996681708521,0
V01414,0.815715767518367,0
V01415,0.8978657472833971,0
V01416,0.6214610333054512,0
V01417,0.8063811912719738,0
V01418,0.772061065772359,0
V01419,0.7588524126975459,0
V01420,0.6046501921945082,0
V01421,0.5124946296838129,0
V01422,0.938247831185409,1
V01423,0.6197742937728862,0
V01424,0.8761667804102317,0
V01425,0.9244285027749608,1
V01426,0.6147313010153017,0
V01427,0.9299627210343783,1
V01428,0.8985700074043076,0
V01429,0.9505673286046094,1
V01430,0.7934995530500386,0
V01431,0.41259359463895895,0
V01432,0.9382171142087445,1
V01433,0.9579949371237358,1
V01434,0.9202110467629148,1
V01435,0.9019683283266212,1
V01436,0.8208737122498371,0
V01437,0.9252855978273068,1
V01438,0.79638215726029,0
V01439,0.8676910665510852,0
V01440,0.9825442776159057,1
V01441,0.8378484345701666,0
V01442,0.8434796468120438,0
V01443,0.886922331523526,0
V01444,0.8580719138613552,0
V01445,0.9059046566684454,1
V01446,0.8107570220298927,0
V01447,0.8447383994415355,0
V01448,0.8347454340901304,0
V01449,0.8899611816912368,0
V01450,0.7761190815956196,0
V01451,0.9619710657296799,1
V01452,0.8307757816660964,0
V01453,0.6734465449957416,0
V01454,0.7452028020058401,0
V01455,0.7718799524309902,0
V01456,0.9400793218762409,1
V01457,0.7795556486948242,0
V01458,0.9243051308081962,1
V01459,0.7387849323248743,0
V01460,0.6494192454647503,0
V01461,0.6607186436222074,0
V01462,0.9717738012780075,1
V01463,0.850982018186933,0
V01464,0.9445985060182791,1
V01465,0.6125963241238687,0
V01466,0.7778373896565013,0
V01467,0.8856330883123843,0
V01468,0.7422317031178626,0
V01469,0.8708609810897766,0
V01470,0.9635239628925591,1
V01471,0.8464756713170305,0
V01472,0.44899587196488183,0
V01473,0.6964170832729633,0
V01474,0.8483974306413619,0
V01475,0.7261785156102201,0
V01476,0.7495412486517874,0
V01477,0.83706773792505,0
V01478,0.8448097300556671,0
V01479,0.9279509839777238,1
V01480,0.900371699355835,1
V01481,0.6516835427416318,0
V01482,0.7259907200107347,0
V01483,0.5730271214250077,0
V01484,0.578929555121489,0
V01485,0.9553113098223276,1
V01486,0.8473996525684484,0
V01487,0.7371007698893233,0
V01488,0.9404400724913743,1
V01489,0.8919837002019718,0
V01490,0.7493205964646966,0
V01491,0.813420671715807,0
V01492,0.8091886780989089,0
V01493,0.8477087920251207,0
V01494,0.5474534080323586,0
V01495,0.8565988031952838,0
V01496,0.7608894231270352,0
V01497,0.7777588234141993,0
V01498,0.7565550030625852,0
V01499,0.9212141963032061,1
V01500,0.3804966002389209,0
V01501,0.781355558504308,0
V01502,0.6740374924877837,0
V01503,0.7248953567930982,0
V01504,0.8770601894334786,0
V01505,0.4697364988243161,0
V01506,0.7685542580807462,0
V01507,0.5355551100812849,0
V01508,0.9257360558403478,1
V01509,0.8557076466937498,0
V01510,0.9332852283576083,1
V01511,0.9525510961019569,1
V01512,0.6397126543459207,0
V01513,0.8668519340659002,0
V01514,0.7715928280144809,0
V01515,0.8547263106295789,0
V01516,0.7421337881137904,0
V01517,0.8052073971597037,0
V01518,0.8546724201974057,0
V01519,0.8256733892823456,0
V01520,0.8918458952068371,0
V01521,0.6721071858834957,0
V01522,0.8466078923440093,0
V01523,0.8399442507323573,0
V01524,0.8885808323095785,0
V01525,0.9539546295369326,1
V01526,0.6088780299491912,0
V01527,0.6928635390317182,0
V01528,0.5867313422878467,0
V01529,0.7694947381004297,0
V01530,0.9854617709852683,1
V01531,0.8685628670942467,0
V01532,0.861983008080975,0
V01533,0.8660928658139023,0
V01534,0.9409592961160457,1
V01535,0.7039403883397031,0
V01536,0.9092425901364901,1
V01537,0.8929820602959622,0
V01538,0.7685862291841334,0
V01539,0.9250310067915785,1
V01540,0.9532309155901534,1
V01541,0.9190446324729437,1
V01542,0.7941546923543497,0
V01543,0.7055863235882112,0
V01544,0.21253025988806762,0
V01545,0.8699680923992964,0
V01546,0.9417292772410373,1
V01547,0.9377432357850328,1
V01548,0.8821507019903031,0
V01549,0.5366523431315762,0
V01550,0.7507257479546735,0
V01551,0.694037523527478,0
V01552,0.835345357349271,0
V01553,0.8423868366647064,0
V01554,0.9534630082953587,1
V01555,0.8888348991919475,0
V01556,0.7694187101543941,0
V01557,0.8526018126369399,0
V01558,0.9358016914757434,1
V01559,0.8678906021750414,0
V01560,0.6812451752276942,0
V01561,0.908884478099748,1
V01562,0.8048515197009115,0
V01563,0.5668154963315389,0
V01564,0.8794903846479701,0
V01565,0.7659985948718095,0
V01566,0.6849114617160893,0
V01567,0.7225976009688102,0
V01568,0.8094891136173338,0
V01569,0.871567629152453,0
V01570,0.8429638516714265,0
V01571,0.6826026653531235,0
V01572,0.7905919760361837,0
V01573,0.9385785092839186,1
V01574,0.6826576891985037,0
V01575,0.9245005236867605,1
V01576,0.639718425738551,0
V01577,0.9416217512137063,1
V01578,0.8541387377959387,0
V01579,0.5880059106242977,0
V01580,0.9175874838434058,1
V01581,0.9316354029665156,1
V01582,0.7331627616764144,0
V01583,0.6496929630371856,0
V01584,0.8222065425928101,0
V01585,0.7030943311759122,0
V01586,0.8557722460646998,0
V01587,0.46985979056385824,0
V01588,0.8938468977433688,0
V01589,0.5914195876529379,0
V01590,0.8225361052895058,0
V01591,0.6057866812201879,0
V01592,0.7726572261371473,0
V01593,0.9811559287763453,1
V01594,0.7463288679021175,0
V01595,0.9474718601471381,1
V01596,0.7242388743612954,0
V01597,0.9006620726207093,1
V01598,0.7374648629653532,0
V01599,0.6680135824893044,0
V01600,0.9746955687975357,1
V01601,0.7604520294143212,0
V01602,0.8260879169976848,0
V01603,0.8116488522470727,0
V01604,0.7183110389796288,0
V01605,0.9768521925279107,1
V01606,0.8531614108156097,0
V01607,0.8319275885736681,0
V01608,0.8029564750804846,0
V01609,0.8360466948683839,0
V01610,0.9497289466698505,1
V01611,0.9487384633827936,1
V01612,0.441061422078032,0
V01613,0.8773058289195516,0
V01614,0.542740258180415,0
V01615,0.5758226888160387,0
V01616,0.859006790666301,0
V01617,0.8436960567713722,0
V01618,0.7556958688379414,0
V01619,0.676893025707104,0
V01620,0.5773751010665842,0
V01621,0.48210985157630826,0
V01622,0.711935819499096,0
V01623,0.9519136137728065,1
V01624,0.7192669158318943,0
V01625,0.8511994506118762,0
V01626,0.5301102654575498,0
V01627,0.8734041518310743,0
V01628,0.8853122753324517,0
V01629,0.8802085189145039,0
V01630,0.6477098865013855,0
V01631,0.9457702436600601,1
V01632,0.9251813795314622,1
V01633,0.8348317133078537,0
V01634,0.8627299783686729,0
V01635,0.723214378873172,0
V01636,0.787197553057067,0
V01637,0.8234072216411525,0
V01638,0.6467514059840423,0
V01639,0.7856604037973802,0
V01640,0.8699853480338302,0
V01641,0.7205192546501853,0
V01642,0.8170704806265502,0
V01643,0.8157734382546928,0
V01644,0.7195310245265,0
V01645,0.9038868427654226,1
V01646,0.9588301733326856,1
V01647,0.9238160190947029,1
V01648,0.9040956252617041,1
V01649,0.8795394922395989,0
V01650,0.9445890500159296,1
V01651,0.9532514371082248,1
V01652,0.8819005743612205,0
V01653,0.8364082809125144,0
V01654,0.8418670771282762,0
V01655,0.8783091900606935,0
V01656,0.5690161493834152,0
V01657,0.7855727360566617,0
V01658,0.8621892077265332,0
V01659,0.8632581527640995,0
V01660,0.8663607325381727,0
V01661,0.9280061547228721,1
V01662,0.8451991997122281,0
V01663,0.8562549064590589,0
V01664,0.39819871579338423,0
V01665,0.4754863850585007,0
V01666,0.9058746200204328,1
V01667,0.777313469389675,0
V01668,0.8724506705125065,0
V01669,0.7378980881243111,0
V01670,0.8242615024967878,0
V01671,0.5307076030436771,0
V01672,0.8151199804421594,0
V01673,0.8110614214791368,0
V01674,0.8840945300526439,0
V01675,0.7644721432460126,0
V01676,0.9689374737509205,1
V01677,0.9175999239648549,1
V01678,0.7723661041561115,0
V01679,0.7583781186530973,0
V01680,0.815849930577025,0
V01681,0.9215863604021303,1
V01682,0.653172504046023,0
V01683,0.8221315916153217,0
V01684,0.8641945365023257,0
V01685,0.8073260804803812,0
V01686,0.3209963994099295,0
V01687,0.929213720130597,1
V01688,0.8137580883210762,0
V01689,0.7507857952271983,0
V01690,0.8882729754618106,0
V01691,0.94560494170204,1
V01692,0.8784956116726903,0
V01693,0.9630643291703973,1
V01694,0.8782024498208157,0
V01695,0.8156805720469394,0
V01696,0.9288457178859163,1
V01697,0.8679299187379458,0
V01698,0.3022229952087388,0
V01699,0.7942148452290695,0
V01700,0.8198485136714854,0
V01701,0.4584669412972526,0
V01702,0.9385096754796368,1
V01703,0.3838462386574785,0
V01704,0.6458610158205889,0
V01705,0.8727188372066971,0
V01706,0.7928058973977178,0
V01707,0.7807469733038394,0
V01708,0.8813833873136719,0
V01709,0.7739247834462417,0
V01710,0.9111399722896184,1
V01711,0.9422403350870832,1
V01712,0.711101256978578,0
V01713,0.9199615480030039,1
V01714,0.5940597210840523,0
V01715,0.7771392888200318,0
V01716,0.8615666712245654,0
V01717,0.7234580125203122,0
V01718,0.8098921936890565,0
V01719,0.9123805758516705,1
V01720,0.9885681500703262,1
V01721,0.9081015274223572,1
V01722,0.822323643994983,0
V01723,0.5130866505360675,0
V01724,0.892246248586718,0
V01725,0.9494855717799874,1
V01726,0.861322091935638,0
V01727,0.8674122456808281,0
V01728,0.9127588560049066,1
V01729,0.7734373477271478,0
V01730,0.8043266334778376,0
V01731,0.8556223893026,0
V01732,0.8478982501364529,0
V01733,0.7983749197522145,0
V01734,0.9527970400597254,1
V01735,0.9153600446938794,1
V01736,0.6858805682548893,0
V01737,0.7994181764794854,0
V01738,0.8895265614795584,0
V01739,0.8219883248430189,0
V01740,0.5070978440441537,0
V01741,0.851326690900571,0
V01742,0.7690392196744071,0
V01743,0.8658187451837736,0
V01744,0.8300532889256371,0
V01745,0.9110098857491739,1
V01746,0.8988132708556845,0
V01747,0.8894720158246083,0
V01748,0.9122880788308285,1
V01749,0.8181423057308419,0
V01750,0.5065581003370667,0
V01751,0.6044360857272847,0
V01752,0.7294267166328021,0
V01753,0.741908779145087,0
V01754,0.9434687419463877,1
V01755,0.8309023442052569,0
V01756,0.9152799337056083,1
V01757,0.9813992288472366,1
V01758,0.9228879544902934,1
V01759,0.8830478516401185,0
V01760,0.9585973853269574,1
V01761,0.7819928181674539,0
V01762,0.8788316686319362,0
V01763,0.9564799386665525,1
V01764,0.74750737511953,0
V01765,0.7277102133490334,0
V01766,0.3932421628576024,0
V01767,0.9248558126883184,1
V01768,0.7136517131960665,0
V01769,0.6645150720098582,0
V01770,0.6836104103236974,0
V01771,0.8647104370404908,0
V01772,0.8777821033479754,0
V01773,0.5702179932347395,0
V01774,0.8047514191781899,0
V01775,0.7923362523579166,0
V01776,0.828297838225716,0
V01777,0.8365661873290559,0
V01778,0.82013229675502,0
V01779,0.8338547418338726,0
V01780,0.5537761040657311,0
V01781,0.858465432424111,0
V01782,0.8177537135588417,0
V01783,0.31357682174540463,0
V01784,0.6813714189743019,0
V01785,0.796400305233197,0
V01786,0.9581480388505638,1
V01787,0.8538599883526591,0
V01788,0.7456333265981202,0
V01789,0.8972653255028937,0
V01790,0.8359654222729349,0
V01791,0.9108085356475963,1
V01792,0.8687189924513128,0
V01793,0.8273052684870753,0
V01794,0.8526584004549211,0
V01795,0.9438822410856967,1
V01796,0.8800310648944488,0
V01797,0.8192875468508332,0
V01798,0.8990617154212175,0
V01799,0.9403612064140514,1
V01800,0.8989129499962925,0
V01801,0.9510579738489954,1
V01802,0.9518100391180383,1
V01803,0.7953621525206772,0
V01804,0.8972092754459653,0
V01805,0.854861385981625,0
V01806,0.9296098262503303,1
V01807,0.9373131018079214,1
V01808,0.8836589059495225,0
V01809,0.8965207796945021,0
V01810,0.8425815495013427,0
V01811,0.8207569159488728,0
V01812,0.7460790293603002,0
V01813,0.9450439323931888,1
V01814,0.7905838726920359,0
V01815,0.8778290909467817,0
V01816,0.9718139505422825,1
V01817,0.8627557179818972,0
V01818,0.9287613267533584,1
V01819,0.342391270028113,0
V01820,0.7153476562141057,0
V01821,0.6959870123550452,0
V01822,0.847522533429048,0
V01823,0.8898693995753311,0
V01824,0.8998919020323722,1
V01825,0.8962803517550605,0
V01826,0.451967979736723,0
V01827,0.8277392039103662,0
V01828,0.6504493107285979,0
V01829,0.8876147761044478,0
V01830,0.9316225277810913,1
V01831,0.7199258977240804,0
V01832,0.901256292458997,1
V01833,0.6825805394360858,0
V01834,0.6183589603239473,0
V01835,0.7331527182634306,0
V01836,0.8302888329038419,0
V01837,0.35470704645633927,0
V01838,0.9835957300746835,1
V01839,0.7256980839334304,0
V01840,0.813923383797743,0
V01841,0.7012947028472761,0
V01842,0.8728657983057442,0
V01843,0.9026337949895766,1
V01844,0.42540235595920506,0
V01845,0.6991006566491366,0
V01846,0.7163162088724015,0
V01847,0.8724800313587602,0
V01848,0.9339237101752769,1
V01849,0.688729623253335,0
V01850,0.8645529959861514,0
V01851,0.9069146254026504,1
V01852,0.8300913073898322,0
V01853,0.9383956640540619,1
V01854,0.8182462080955939,0
V01855,0.840618286276957,0
V01856,0.8998997593476604,1
V01857,0.9344884059702684,1
V01858,0.7235984945604291,0
V01859,0.9236864605447647,1
V01860,0.5285327157451626,0
V01861,0.9295643613898973,1
V01862,0.6331133770305206,0
V01863,0.7184170290476518,0
V01864,0.9475951713706493,1
V01865,0.9744874527973784,1
V01866,0.6962741022682016,0
V01867,0.9741355922681404,1
V01868,0.8209636242996207,0
V01869,0.8607798106420267,0
V01870,0.9670624256175908,1
V01871,0.9343833825940795,1
V01872,0.8142133370005862,0
V01873,0.9689739185933947,1
V01874,0.6746377434289258,0
V01875,0.8091764022393126,0
V01876,0.8913056629322196,0
V01877,0.9097010357834728,1
V01878,0.9357691527878824,1
V01879,0.7401289301598006,0
V01880,0.9173431399388969,1
V01881,0.8857667087852337,0
V01882,0.674979308286263,0
V01883,0.8106819482961559,0
V01884,0.7239550025997143,0
V01885,0.9237583201786158,1
V01886,0.7701541870744891,0
V01887,0.5201371459445095,0
V01888,0.6690402386702854,0
V01889,0.9160464495658887,1
V01890,0.8911801079942578,0
V01891,0.68828121153783,0
V01892,0.9231228810970198,1
V01893,0.8646545319339182,0
V01894,0.7830125514160856,0
V01895,0.844361674606044,0
V01896,0.966255669646832,1
V01897,0.7709742399033781,0
V01898,0.8411346584677076,0
V01899,0.8976348853559798,0
V01900,0.7472122653862785,0
V01901,0.6371954865256991,0
V01902,0.707522212364183,0
V01903,0.7685966558025704,0
V01904,0.7144871705726569,0
V01905,0.9357869923519738,1
V01906,0.8843275005896535,0
V01907,0.7932763157919085,0
V01908,0.6876826390902188,0
V01909,0.9489494267890278,1
V01910,0.8824679441626664,0
V01911,0.7565778545539023,0
V01912,0.9059275652842782,1
V01913,0.6644121268876553,0
V01914,0.9457011459147087,1
V01915,0.8816936704244145,0
V01916,0.9276535284550429,1
V01917,0.8462227756154292,0
V01918,0.9482108607186104,1
V01919,0.7321486458266822,0
V01920,0.9580502645634238,1
V01921,0.9146282882331169,1
V01922,0.8528614257247642,0
V01923,0.49367701842754663,0
V01924,0.7518285413665349,0
V01925,0.9197915750140858,1
V01926,0.8934035089290466,0
V01927,0.7770349854460462,0
V01928,0.838138685800307,0
V01929,0.6307863281619674,0
V01930,0.7936118204433722,0
V01931,0.910165467645525,1
V01932,0.593326462454652,0
V01933,0.85491770297648,0
V01934,0.7809877644392731,0
V01935,0.835066532282987,0
V01936,0.8134619532548539,0
V01937,0.7144608546725763,0
V01938,0.7458569031380745,0
V01939,0.6768923292223356,0
V01940,0.37810668228730454,0
V01941,0.8922338178338391,0
V01942,0.8790339296992585,0
V01943,0.7072089503213667,0
V01944,0.8916608087629846,0
V01945,0.891163534816639,0
V01946,0.4369609313392157,0
V01947,0.4250831015766984,0
V01948,0.7292708559126068,0
V01949,0.765069713918891,0
V01950,0.8912543045076687,0
V01951,0.5201633187053106,0
V01952,0.8678191589215335,0
V01953,0.910720764608762,1
V01954,0.7706591203684091,0
V01955,0.8649322807997395,0
V01956,0.5480473374260286,0
V01957,0.8629431348171288,0
V01958,0.9790829692815914,1
V01959,0.7877369407450879,0
V01960,0.7422324903663132,0
V01961,0.8700573358144112,0
V01962,0.2806403871677385,0
V01963,0.8971044567197911,0
V01964,0.6994751394270786,0
V01965,0.49179488178454733,0
V01966,0.9249938777692148,1
V01967,0.5626093722919798,0
V01968,0.8875637472033426,0
V01969,0.8889852130718882,0
V01970,0.7712070400737563,0
V01971,0.7805685285241786,0
V01972,0.8417476390789866,0
V01973,0.9642361767685438,1
V01974,0.6840795698079106,0
V01975,0.6079244613992271,0
V01976,0.4274208419353817,0
V01977,0.8505108439319846,0
V01978,0.8013920040781018,0
V01979,0.7702546571110057,0
V01980,0.9047573238630068,1
V01981,0.7046077722223794,0
V01982,0.9445044051814674,1
V01983,0.865199344960077,0
V01984,0.9707773273329411,1
V01985,0.6698159101554851,0
V01986,0.7627006775183869,0
V01987,0.9251867107740354,1
V01988,0.9495717149460546,1
V01989,0.7168016197047715,0
V01990,0.8167894386121258,0
V01991,0.9497408018234534,1
V01992,0.9483508034002209,1
V01993,0.6372551697013442,0
V01994,0.7520104433035398,0
V01995,0.7029987688450197,0
V01996,0.7161778334144967,0
V01997,0.9656387544593278,1
V01998,0.9586611803783139,1
V01999,0.8472025834205537,0
V02000,0.8236530317349675,0
V02001,0.9030261347906844,1
V02002,0.9382369790239354,1
V02003,0.6900826943065351,0
V02004,0.8362006846499387,0
V02005,0.7313028834410493,0
V02006,0.9332522401370407,1
V02007,0.921490678415179,1
V02008,0.8770638935579718,0
V02009,0.8266228221330382,0
V02010,0.7542147937908195,0
V02011,0.8819834181330815,0
V02012,0.840902731534464,0
V02013,0.9188044780696754,1
V02014,0.8824423685340845,0
V02015,0.8278265639012778,0
V02016,0.5136671437360382,0
V02017,0.5641782986564491,0
V02018,0.890782551147158,0
V02019,0.8906833218688537,0
V02020,0.8885912380111106,0
V02021,0.8844470467046497,0
V02022,0.9100927927646466,1
V02023,0.7593287139172565,0
V02024,0.7710417475557368,0
V02025,0.8875553381952416,0
V02026,0.5760284404804396,0
V02027,0.7396363463657946,0
V02028,0.5916846656641166,0
V02029,0.6533244137620509,0
V02030,0.5875454948001733,0
V02031,0.9479458307408024,1
V02032,0.9565730766593172,1
V02033,0.4813723835672747,0
V02034,0.8566100779682715,0
V02035,0.9317832673192886,1
V02036,0.5929635475083654,0
V02037,0.6371926221630116,0
V02038,0.9239437221079246,1
V02039,0.739812643790259,0
V02040,0.8499916065911491,0
V02041,0.8595428037643665,0
V02042,0.9141378178632276,1
V02043,0.8450641583853465,0
V02044,0.7359497891498092,0
V02045,0.8770784962896717,0
V02046,0.566083399860672,0
V02047,0.6873242340930015,0
V02048,0.8299711719937773,0
V02049,0.8770145958057681,0
V02050,0.8714801142572246,0
V02051,0.9258239312814345,1
V02052,0.8898779878511245,0
V02053,0.8241710140967019,0
V02054,0.8977064027211332,0
V02055,0.7807811151146045,0
V02056,0.8649354939131297,0
V02057,0.9394017276662568,1
V02058,0.8203048686442883,0
V02059,0.7672799589156233,0
V02060,0.8256489852126015,0
V02061,0.8632977132338344,0
V02062,0.8568201193769737,0
V02063,0.8957532313518861,0
V02064,0.9278815843881681,1
V02065,0.8466641994646368,0
V02066,0.978261649019679,1
V02067,0.801059575420061,0
V02068,0.8807711860226887,0
V02069,0.7733283163571838,0
V02070,0.5675372170298468,0
V02071,0.6055965669543911,0
V02072,0.8336932443967686,0
V02073,0.8596220962928077,0
V02074,0.6514443608077752,0
V02075,0.8875329948207075,0
V02076,0.8374443227053762,0
V02077,0.878394654522658,0
V02078,0.45909927552089524,0
V02079,0.7427251930905531,0
V02080,0.9227821987114064,1
V02081,0.8266088660066095,0
V02082,0.8843624768670757,0
V02083,0.7458140249871978,0
V02084,0.8441170449805153,0
V02085,0.8924152561098041,0
V02086,0.9473523532581974,1
V02087,0.7121582007862455,0
V02088,0.7782980201152518,0
V02089,0.823317818037884,0
V02090,0.7815496245263656,0
V02091,0.5157579776062589,0
V02092,0.8714749487010838,0
V02093,0.891852376860334,0
V02094,0.8944852620116107,0
V02095,0.8131912087552664,0
V02096,0.7715763764802788,0
V02097,0.8910234098769119,0
V02098,0.7409121847909692,0
V02099,0.8567120322736984,0
V02100,0.6200697394710174,0
V02101,0.9192120765784229,1
V02102,0.9420756049113058,1
V02103,0.8974202146670109,0
V02104,0.8498101908080511,0
V02105,0.7439047772602035,0
V02106,0.8937060334479687,0
V02107,0.7854878430258566,0
V02108,0.600037632101463,0
V02109,0.6019345033269405,0
V02110,0.774970237093569,0
V02111,0.7160469762031172,0
V02112,0.7579382265222755,0
V02113,0.8459916538763405,0
V02114,0.7800292759093057,0
V02115,0.8279765014707166,0
V02116,0.7841006005417283,0
V02117,0.9310110183792002,1
V02118,0.8461028015196748,0
V02119,0.8339880770577489,0
V02120,0.7704082173033728,0
V02121,0.825415045637234,0
V02122,0.4471107796664455,0
V02123,0.8697380321858544,0
V02124,0.8696334593205336,0
V02125,0.39536837643003586,0
V02126,0.55973281633413,0
V02127,0.6848647051836806,0
V02128,0.6560123941565735,0
V02129,0.7248746424923557,0
V02130,0.9057893798352252,1
V02131,0.9341500397949336,1
V02132,0.8039897681531281,0
V02133,0.638825254573739,0
V02134,0.957719541477818,1
V02135,0.6746796295366254,0
V02136,0.766104689309682,0
V02137,0.6175207219657455,0
V02138,0.9578032895147656,1
V02139,0.8632114382558758,0
V02140,0.8999325589447562,1
V02141,0.958975471187746,1
V02142,0.5621615368721703,0
V02143,0.6899424360413446,0
V02144,0.9260293956518668,1
V02145,0.9063902853914122,1
V02146,0.821552321007233,0
V02147,0.6880266001603544,0
V02148,0.8852206732209813,0
V02149,0.9479045040913627,1
V02150,0.7585763240828336,0
V02151,0.8410184037091595,0
V02152,0.9109744375301481,1
V02153,0.9091106006967492,1
V02154,0.8391778608596648,0
V02155,0.6470920334882259,0
V02156,0.8948304451401559,0
V02157,0.7114768146516066,0
V02158,0.8680244586974751,0
V02159,0.769635157504126,0
V02160,0.9406924898623688,1
V02161,0.7241491386219825,0
V02162,0.7610318698267284,0
V02163,0.900575248346996,1
V02164,0.9492068997294448,1
V02165,0.8742256364590941,0
V02166,0.8256633334731832,0
V02167,0.6432108847533393,0
V02168,0.8553028785599079,0
V02169,0.8871557813626803,0
V02170,0.8745355790475514,0
V02171,0.9832156883894665,1
V02172,0.8470865258927041,0
V02173,0.8560481177225525,0
V02174,0.6355833706341356,0
V02175,0.6429232214813954,0
V02176,0.7958776395691146,0
V02177,0.4963428525862067,0
V02178,0.7705094906444399,0
V02179,0.6165271232525112,0
V02180,0.5833770203267585,0
V02181,0.9472060988156131,1
V02182,0.6196503427825883,0
V02183,0.45996359501273293,0
V02184,0.8784589405230553,0
V02185,0.673085306317971,0
V02186,0.9352093011498559,1
V02187,0.7465113861153899,0
V02188,0.9336877726843172,1
V02189,0.8827681010631715,0
V02190,0.7924538972703269,0
V02191,0.8092905488462077,0
V02192,0.9570180920184814,1
V02193,0.9683375785324843,1
V02194,0.48247422031862114,0
V02195,0.922879905788054,1
V02196,0.8771132983119014,0
V02197,0.9517382665095794,1
V02198,0.9728144609634873,1
V02199,0.49400046205402387,0
V02200,0.8326306300901931,0
V02201,0.8974694490288868,0
V02202,0.6067317483565773,0
V02203,0.5254453938140007,0
V02204,0.807122645840046,0
V02205,0.9244928419498951,1
V02206,0.801761495030821,0
V02207,0.6823742875008422,0
V02208,0.849156381812155,0
V02209,0.9786385658070061,1
V02210,0.8875390321465151,0
V02211,0.8767813984586487,0
V02212,0.6470262387495022,0
V02213,0.9578049146334973,1
V02214,0.9373033502172804,1
V02215,0.7723019804402553,0
V02216,0.7665406558318146,0
V02217,0.8717622918442621,0
V02218,0.9086912014236788,1
V02219,0.9236751052750726,1
V02220,0.9360775490745346,1
V02221,0.5934491469965725,0
V02222,0.8660897074093942,0
V02223,0.9044832016831565,1
V02224,0.8997867690748134,1
V02225,0.9272440210748428,1
V02226,0.5940246531412068,0
V02227,0.8926532320526025,0
V02228,0.7848219303500732,0
V02229,0.8251570303360259,0
V02230,0.7862405276202957,0
V02231,0.4526966811317857,0
V02232,0.8992707342961801,0
V02233,0.8912429221196342,0
V02234,0.8776566827419946,0
V02235,0.9349657834751334,1
V02236,0.8335797553623989,0
V02237,0.8190942659263974,0
V02238,0.7317397981244603,0
V02239,0.7540912915883448,0
V02240,0.8787142855554957,0
V02241,0.8830319903431315,0
V02242,0.6564912319753672,0
V02243,0.9617559338550864,1
V02244,0.6217447207535475,0
V02245,0.795106815816432,0
V02246,0.6608427935917399,0
V02247,0.9789565356376737,1
V02248,0.9586511765490052,1
V02249,0.8276760066750174,0
V02250,0.9160796511872141,1
V02251,0.8413167117060036,0
V02252,0.9322293282808036,1
V02253,0.8816316689931047,0
V02254,0.860492240853503,0
V02255,0.7796046597317201,0
V02256,0.7861967717504625,0
V02257,0.7729481484624886,0
V02258,0.7547811276613984,0
V02259,0.848557902275023,0
V02260,0.9295459388701395,1
V02261,0.8235874430319167,0
V02262,0.7146178683759068,0
V02263,0.8667555247225505,0
V02264,0.8949167069517834,0
V02265,0.9240877186581571,1
V02266,0.8596201123598152,0
V02267,0.870117551696413,0
V02268,0.9608396758188095,1
V02269,0.716774550382046,0
V02270,0.8750947282151763,0
V02271,0.6837291627108542,0
V02272,0.8751885787644618,0
V02273,0.9026473667424628,1
V02274,0.8129792631254334,0
V02275,0.9567635787664437,1
V02276,0.7385146143417839,0
V02277,0.8852916399315879,0
V02278,0.7859247117209769,0
V02279,0.9307940997438559,1
V02280,0.904264531924394,1
V02281,0.7776460687724724,0
V02282,0.7213293698159701,0
V02283,0.7821853482587589,0
V02284,0.8738284705981046,0
V02285,0.8638308912312407,0
V02286,0.8364706236631948,0
V02287,0.7982043024923886,0
V02288,0.6757596318710849,0
V02289,0.8705250371488596,0
V02290,0.6883673221431903,0
V02291,0.8280407939288038,0
V02292,0.7451649813025334,0
V02293,0.9605105610612759,1
V02294,0.803296003040513,0
V02295,0.9361964015009332,1
V02296,0.924388247054915,1
V02297,0.8619859755528111,0
V02298,0.7216767890108641,0
V02299,0.8271363590171968,0
V02300,0.9790814891302245,1
V02301,0.8694665492527354,0
V02302,0.4050820434642217,0
V02303,0.8855678677103392,0
V02304,0.8401035993585466,0
V02305,0.9717191819166836,1
V02306,0.9299957339724729,1
V02307,0.9071021869557575,1
V02308,0.6335110057808504,0
V02309,0.9198179796597736,1
V02310,0.7867811663909756,0
V02311,0.8803249015656246,0
V02312,0.9075328950084538,1
V02313,0.8733377295586732,0
V02314,0.46186848028320476,0
V02315,0.8003882692818031,0
V02316,0.8201839721076818,0
V02317,0.9059005430627878,1
V02318,0.8760575060324425,0
V02319,0.5881465188690497,0
V02320,0.9093372857327527,1
V02321,0.8437739191963731,0
V02322,0.5807451227961561,0
V02323,0.9202754978761533,1
V02324,0.8660014330518656,0
V02325,0.7316702577921846,0
V02326,0.7824373136083934,0
V02327,0.8643116966195945,0
V02328,0.904192232112697,1
V02329,0.8265247371412265,0
V02330,0.7845160332709396,0
V02331,0.9322524168800387,1
V02332,0.8194659370620719,0
V02333,0.9224131679079527,1
V02334,0.7577551877284805,0
V02335,0.4802132743456175,0
V02336,0.7703861792217354,0
V02337,0.8767711982400415,0
V02338,0.9370136465249287,1
V02339,0.9269434489131696,1
V02340,0.7176703723920884,0
V02341,0.6513042680989933,0
V02342,0.5568674395633033,0
V02343,0.8253238319259689,0
V02344,0.765237645263774,0
V02345,0.8799664207078776,0
V02346,0.7894716347313063,0
V02347,0.7432448487462313,0
V02348,0.8719431762884082,0
V02349,0.7958301092473657,0
V02350,0.9459514897316993,1
V02351,0.8488248188442908,0
V02352,0.6697849497928351,0
V02353,0.8552788403636571,0
V02354,0.6598370931287826,0
V02355,0.8556449076026708,0
V02356,0.7365127274911952,0
V02357,0.6731659227127627,0
V02358,0.9079662010211772,1
V02359,0.8441506870662076,0
V02360,0.8039581614963385,0
V02361,0.4633825933493203,0
V02362,0.739716199920756,0
V02363,0.8575263693676692,0
V02364,0.832999804967382,0
V02365,0.9330252135181943,1
V02366,0.9608015631654561,1
V02367,0.4443484987133184,0
V02368,0.9107561589715447,1
V02369,0.9338645103272911,1
V02370,0.8254224601225901,0
V02371,0.7123674385499686,0
V02372,0.7928544288228495,0
V02373,0.6956185031763314,0
V02374,0.8681646478368075,0
V02375,0.8871921922450114,0
V02376,0.8664035109832893,0
V02377,0.7619864373041835,0
V02378,0.5583307405330634,0
V02379,0.8368254862976917,0
V02380,0.5564098546649322,0
V02381,0.7319697889892629,0
V02382,0.7539127397270237,0
V02383,0.8435365173373259,0
V02384,0.8927805915082236,0
V02385,0.8730790693102056,0
V02386,0.7899775774627709,0
V02387,0.7936442119838047,0
V02388,0.7816585228755591,0
V02389,0.9586568020411452,1
V02390,0.8159703306594215,0
V02391,0.5947570014729,0
V02392,0.6482566287567633,0
V02393,0.9365763822160452,1
V02394,0.9335816837321915,1
V02395,0.8356855110110233,0
V02396,0.7734201970774885,0
V02397,0.8551410257365768,0
V02398,0.49675676910200595,0
V02399,0.5919253412326307,0
V02400,0.9252934372489181,1
V02401,0.8216106916602384,0
V02402,0.8618583422142594,0
V02403,0.9062094440866506,1
V02404,0.5372227758724653,0
V02405,0.9385348722128141,1
V02406,0.8532132488802274,0
V02407,0.873516898305687,0
V02408,0.6094798414425202,0
V02409,0.8258646879135337,0
V02410,0.8869507478506052,0
V02411,0.9044400158149689,1
V02412,0.8063761334107112,0
V02413,0.5186436291867826,0
V02414,0.8489981487432309,0
V02415,0.9571529887937263,1
V02416,0.8243953034036278,0
V02417,0.9589050362104256,1
V02418,0.8181642677822807,0
V02419,0.9267590439484049,1
V02420,0.7437588512453162,0
V02421,0.7817604307863221,0
V02422,0.708900144819328,0
V02423,0.7785043209101522,0
V02424,0.7473560918985741,0
V02425,0.7642912038375349,0
V02426,0.7887775674668224,0
V02427,0.841251868305299,0
V02428,0.9345994022197676,1
V02429,0.46459776467742114,0
V02430,0.804654804596639,0
V02431,0.915239008880662,1
V02432,0.9426349815067235,1
V02433,0.8858509206721406,0
V02434,0.9295752489390658,1
V02435,0.8975856058712646,0
V02436,0.9595348326515091,1
V02437,0.8862736253532998,0
V02438,0.5526733630265485,0
V02439,0.8378439006005857,0
V02440,0.9444741704215495,1
V02441,0.8270830283996455,0
V02442,0.9311339899697917,1
V02443,0.8257010450292361,0
V02444,0.8378161741891513,0
V02445,0.8674287502151188,0
V02446,0.8933430566717927,0
V02447,0.7888869864851439,0
V02448,0.9105694964446523,1
V02449,0.8734686434031592,0
V02450,0.9223279323662232,1
V02451,0.8119546472199237,0
V02452,0.759118971315185,0
V02453,0.8280317920934224,0
V02454,0.8397254332453107,0
V02455,0.8758830029124877,0
V02456,0.9728550667828963,1
V02457,0.8449990224510389,0
V02458,0.8796082424525202,0
V02459,0.8584202185258285,0
V02460,0.9590489671616287,1
V02461,0.7542384912561809,0
V02462,0.9450274340815387,1
V02463,0.6658687563414725,0
V02464,0.7250569055840682,0
V02465,0.9459813356346046,1
V02466,0.7947589591176063,0
V02467,0.9197022062321292,1
V02468,0.6674071113190245,0
V02469,0.730341470298197,0
V02470,0.6717716864761967,0
V02471,0.8877539412552975,0
V02472,0.765974684462664,0
V02473,0.922002646720916,1
V02474,0.6486069553339061,0
V02475,0.7302887600630059,0
V02476,0.8523283394449932,0
V02477,0.9010065094860669,1
V02478,0.7475053437403946,0
V02479,0.8090369833334509,0
V02480,0.7868084826953908,0
V02481,0.8041069339681757,0
V02482,0.7379207726569549,0
V02483,0.9698619373062883,1
V02484,0.8706852891550815,0
V02485,0.9567035989623337,1
V02486,0.7217650000143103,0
V02487,0.8621009844776605,0
V02488,0.7888663235829467,0
V02489,0.6733028562638408,0
V02490,0.8342834499489645,0
V02491,0.7435131707374474,0
V02492,0.7502549229106694,0
V02493,0.8687107269639429,0
V02494,0.883626403236833,0
V02495,0.9281891020796642,1
V02496,0.9363363257076214,1
V02497,0.8265543823568726,0
V02498,0.8334392057963148,0
V02499,0.7011795269762695,0
V02500,0.9027260160355247,1
V02501,0.8688874249418602,0
V02502,0.8696714459414727,0
V02503,0.9117898021561422,1
V02504,0.8579035958825111,0
V02505,0.9595136218996592,1
V02506,0.9353986113717717,1
V02507,0.6794974703996799,0
V02508,0.9774550950860812,1
V02509,0.8621546952912315,0
V02510,0.8778779432707857,0
V02511,0.8454105224315763,0
V02512,0.9257628047267041,1
V02513,0.7328337608052929,0
V02514,0.8032876877460305,0
V02515,0.9101470603701849,1
V02516,0.9842101503110383,1
V02517,0.7320460169149747,0
V02518,0.9416848055742089,1
V02519,0.8641050845628148,0
V02520,0.5494980679332762,0
V02521,0.9014837177949064,1
V02522,0.926315264192826,1
V02523,0.8266872938826695,0
V02524,0.6956715410572701,0
V02525,0.8865081252919619,0
V02526,0.8555143396247396,0
V02527,0.705782547183787,0
V02528,0.9367007718491928,1
V02529,0.8175830099162773,0
V02530,0.5552927539669041,0
V02531,0.8361499302988272,0
V02532,0.8061416925596577,0
V02533,0.6084056399689888,0
V02534,0.7804869692019664,0
V02535,0.8774369140849814,0
V02536,0.9485252337827547,1
V02537,0.7877404657649297,0
V02538,0.8948513415060357,0
V02539,0.922390568715708,1
V02540,0.7767366284863926,0
V02541,0.8967656015294114,0
V02542,0.4474714770683986,0
V02543,0.9090289734711524,1
V02544,0.688291624312001,0
V02545,0.8543171719817269,0
V02546,0.9378688666016289,1
V02547,0.8544971805216591,0
V02548,0.8321288901400483,0
V02549,0.5969425232531369,0
V02550,0.6989099727005688,0
V02551,0.8870132744407347,0
V02552,0.7975346672760744,0
V02553,0.8297527945683981,0
V02554,0.9123877442149775,1
V02555,0.7609950378388773,0
V02556,0.7840562968097577,0
V02557,0.9611187568123548,1
V02558,0.758140102906846,0
V02559,0.8349756053265274,0
V02560,0.9159979614152364,1
V02561,0.8488128654905204,0
V02562,0.8623242692906391,0
V02563,0.8922497404730697,0
V02564,0.7316299086068804,0
V02565,0.6643975116020282,0
V02566,0.8945591896132604,0
V02567,0.8706470928640955,0
V02568,0.7085560176804835,0
V02569,0.9363464152381265,1
V02570,0.9440473055507735,1
V02571,0.8486098134015716,0
V02572,0.7996674838119501,0
V02573,0.9625326682829488,1
V02574,0.8386306486042308,0
V02575,0.97646858546704,1
V02576,0.7904496900985336,0
V02577,0.6909390878933156,0
V02578,0.8967848671725221,0
V02579,0.8653507755207646,0
V02580,0.9445305652108645,1
V02581,0.8292615916126671,0
V02582,0.7846862537705659,0
V02583,0.39952184610531594,0
V02584,0.9375819937161889,1
V02585,0.9503437516315878,1
V02586,0.8709455104121998,0
V02587,0.7808967518570442,0
V02588,0.8658759314711948,0
V02589,0.9180984243150838,1
V02590,0.8453719141364503,0
V02591,0.7846119275585676,0
V02592,0.8106141340380463,0
V02593,0.8045653170529916,0
V02594,0.5054361282160453,0
V02595,0.5195464609303271,0
V02596,0.8676091854265544,0
V02597,0.7515606354161573,0
V02598,0.7789280655378371,0
V02599,0.7340090746004837,0
V02600,0.9304127359635628,1
V02601,0.8924411107612799,0
V02602,0.8777739906949021,0
V02603,0.8894024331136178,0
V02604,0.7656821311633168,0
V02605,0.6990374772729794,0
V02606,0.7926853102168386,0
V02607,0.7228629413554585,0
V02608,0.8884717224994628,0
V02609,0.8470882186731249,0
V02610,0.9143113612042465,1
V02611,0.632026142600687,0
V02612,0.6516383006420613,0
V02613,0.8026236284127941,0
V02614,0.9105059049935302,1
V02615,0.8806959386432556,0
V02616,0.9406883064848595,1
V02617,0.8412349479502272,0
V02618,0.8512833356373664,0
V02619,0.6065492421112393,0
V02620,0.5898363214029105,0
V02621,0.9810817214676063,1
V02622,0.9082326539631359,1
V02623,0.7038065629389127,0
V02624,0.9020998244349754,1
V02625,0.680335223258107,0
V02626,0.9459650317579263,1
V02627,0.8598715945197745,0
V02628,0.8176706791247478,0
V02629,0.7960462403724808,0
V02630,0.8511090957277796,0
V02631,0.7759722013612097,0
V02632,0.7329676797316401,0
V02633,0.8571780610917588,0
V02634,0.918407887212634,1
V02635,0.553477573828625,0
V02636,0.9666782445335004,1
V02637,0.9558879879837532,1
V02638,0.7078119945090668,0
V02639,0.9769126403320056,1
V02640,0.8148070409385557,0
V02641,0.784425323712604,0
V02642,0.7723599832254341,0
V02643,0.648976790229145,0
V02644,0.7899083818293166,0
V02645,0.833285997121193,0
V02646,0.95071743211461,1
V02647,0.9189596267714276,1
V02648,0.5766949196335018,0
V02649,0.8229856307543651,0
V02650,0.7071545731458113,0
V02651,0.9527145585004462,1
V02652,0.9257648190659793,1
V02653,0.8992326718608944,0
V02654,0.7342728084435013,0
V02655,0.8348528739795007,0
V02656,0.7087019262256699,0
V02657,0.6413263999063741,0
V02658,0.8629889482067966,0
V02659,0.8862571566911909,0
V02660,0.810153383942369,0
V02661,0.936640546543425,1
V02662,0.9209682253987287,1
V02663,0.9131752962818792,1
V02664,0.8363678462287639,0
V02665,0.9215395878409148,1
V02666,0.6769930274479375,0
V02667,0.8510483457329494,0
V02668,0.9229456578537698,1
V02669,0.7836198854282233,0
V02670,0.7771281981750716,0
V02671,0.6967666451195652,0
V02672,0.8007236944997476,0
V02673,0.8523634442135636,0
V02674,0.8113506770358196,0
V02675,0.4457191811876386,0
V02676,0.6448621025782586,0
V02677,0.8481311311179854,0
V02678,0.5996543022151465,0
V02679,0.947807985652296,1
V02680,0.8765494997812389,0
V02681,0.8969683570768182,0
V02682,0.9193324196936192,1
V02683,0.8906850636134018,0
V02684,0.7930970676671493,0
V02685,0.8454055577761168,0
V02686,0.8428780392262332,0
V02687,0.6933465760152259,0
V02688,0.927450511782988,1
V02689,0.538558320237851,0
V02690,0.7791205433514281,0
V02691,0.8470838067894852,0
V02692,0.4717705944352613,0
V02693,0.8231776893010581,0
V02694,0.6785726111417523,0
V02695,0.7874333460077628,0
V02696,0.8263828256763327,0
V02697,0.8221968601320915,0
V02698,0.9506949535102017,1
V02699,0.6140036922726538,0
V02700,0.8503970650018285,0
V02701,0.8016555121044608,0
V02702,0.8929125247613079,0
V02703,0.6437470183084003,0
V02704,0.7122919715964636,0
V02705,0.941801183886833,1
V02706,0.9167399198711199,1
V02707,0.6731226195305378,0
V02708,0.7968819426467154,0
V02709,0.804869744594066,0
V02710,0.8366111515013179,0
V02711,0.7484818302770374,0
V02712,0.8657206805948269,0
V02713,0.8191141138313169,0
V02714,0.7419302326417764,0
V02715,0.9022779546886437,1
V02716,0.8934108342064192,0
V02717,0.9481651469977856,1
V02718,0.7679772169291742,0
V02719,0.7426039869562526,0
V02720,0.9487672185824986,1
V02721,0.84877868188781,0
V02722,0.9870871237171911,1
V02723,0.7520520534264358,0
V02724,0.6251779406936745,0
V02725,0.9338324735125457,1
V02726,0.4707327684532655,0
V02727,0.6425401563305178,0
V02728,0.6554566449641432,0
V02729,0.6447754450394375,0
V02730,0.7495366121289351,0
V02731,0.7697177728552034,0
V02732,0.6223063227381029,0
V02733,0.8764539640864003,0
V02734,0.6625858958168865,0
V02735,0.7828822870790965,0
V02736,0.9615390175289561,1
V02737,0.6119297186491167,0
V02738,0.8619570696695689,0
V02739,0.4950573120166742,0
V02740,0.6196839367466569,0
V02741,0.8714025353389553,0
V02742,0.9548878272491484,1
V02743,0.8423418594944514,0
V02744,0.938035077439052,1
V02745,0.8095897192951055,0
V02746,0.6963034722323961,0
V02747,0.8989173887878087,0
V02748,0.6236387716955064,0
V02749,0.7912168068932967,0
V02750,0.9030525648612107,1
V02751,0.7178896145740055,0
V02752,0.9288128295272835,1
V02753,0.8657229770555396,0
V02754,0.9441381550130772,1
V02755,0.9414052376420925,1
V02756,0.9285309319414433,1
V02757,0.8971505584301663,0
V02758,0.8654545230549661,0
V02759,0.7910933362759371,0
V02760,0.5400397097078572,0
V02761,0.9003085850457352,1
V02762,0.873622798059204,0
V02763,0.9604380495577199,1
V02764,0.5043617496004597,0
V02765,0.6931034631987387,0
V02766,0.9502001373522106,1
V02767,0.7318076992533995,0
V02768,0.8692088685484355,0
V02769,0.8668649686709982,0
V02770,0.8949966505679631,0
V02771,0.8151890460206523,0
V02772,0.7409630882118217,0
V02773,0.7560907656828045,0
V02774,0.9127078557158513,1
V02775,0.6462313052657312,0
V02776,0.8030438167584467,0
V02777,0.7899878192814956,0
V02778,0.8091775859929764,0
V02779,0.9603762581832821,1
V02780,0.5808653072165678,0
V02781,0.9385531615629903,1
V02782,0.7390724652794127,0
V02783,0.5928593026305654,0
V02784,0.9694322430508864,1
V02785,0.8687601560203145,0
V02786,0.8847660050639586,0
V02787,0.933288695812045,1
V02788,0.8961715621616324,0
V02789,0.6220627461031779,0
V02790,0.8306275944407984,0
V02791,0.8771671774003946,0
V02792,0.7416347846995609,0
V02793,0.8365108569487467,0
V02794,0.695074774193282,0
V02795,0.8736732703062404,0
V02796,0.9053264983978343,1
V02797,0.7097236805167749,0
V02798,0.7895581621020953,0
V02799,0.9550738986327676,1
V02800,0.9200328766959143,1
V02801,0.9351129658101154,1
V02802,0.8408835105064657,0
V02803,0.9755607334836659,1
V02804,0.6100922766537092,0
V02805,0.9397177898871965,1
V02806,0.8127067875024304,0
V02807,0.9457111602765674,1
V02808,0.8643737445653548,0
V02809,0.8488684117581535,0
V02810,0.6426511075476392,0
V02811,0.944344106577255,1
V02812,0.8586315903816627,0
V02813,0.9273412363553748,1
V02814,0.8888466458161134,0
V02815,0.9315926317969637,1
V02816,0.8553386318426963,0
V02817,0.8823738148515081,0
V02818,0.8694515850283532,0
V02819,0.9171342691106955,1
V02820,0.9201473954360512,1
V02821,0.864356658327234,0
V02822,0.9006802042579113,1
V02823,0.868536643936702,0
V02824,0.7983765337894452,0
V02825,0.8600705316606464,0
V02826,0.9410391285994719,1
V02827,0.7436084011026887,0
V02828,0.9134363219390695,1
V02829,0.6687237492102794,0
V02830,0.8973670843756105,0
V02831,0.6772299557611192,0
V02832,0.9006856279626894,1
V02833,0.901994710922454,1
V02834,0.8991287641620901,0
V02835,0.6410424940739661,0
V02836,0.7475485828208652,0
V02837,0.8763571332567438,0
V02838,0.6677092240300166,0
V02839,0.9282327184462795,1
V02840,0.6760409853680228,0
V02841,0.4832329920238674,0
V02842,0.5771114839455584,0
V02843,0.9641990709638721,1
V02844,0.7797536631329983,0
V02845,0.8980605603489212,0
V02846,0.9324182967963714,1
V02847,0.6431991807767261,0
V02848,0.6124877998129037,0
V02849,0.8369873823113563,0
V02850,0.8417624732243371,0
V02851,0.6803364123980161,0
V02852,0.48247291517812435,0
V02853,0.7569180800873405,0
V02854,0.7970380830192931,0
V02855,0.885504696083088,0
V02856,0.8420899113274198,0
V02857,0.8337680388725862,0
V02858,0.4158052944199725,0
V02859,0.6889221045827891,0
V02860,0.49573042068937856,0
V02861,0.9166487932683036,1
V02862,0.8878606235151314,0
V02863,0.729505244558693,0
V02864,0.9036510160626082,1
V02865,0.754512571431231,0
V02866,0.8823324375374625,0
V02867,0.9491966921918253,1
V02868,0.9312498665796558,1
V02869,0.8801799278202815,0
V02870,0.8803006309289801,0
V02871,0.6813143942923754,0
V02872,0.7587889246120316,0
V02873,0.7389636940893802,0
V02874,0.745351135292487,0
V02875,0.9053422483439384,1
V02876,0.8536853223369841,0
V02877,0.6123342823345747,0
V02878,0.619683776176392,0
V02879,0.5950560143317674,0
V02880,0.9005079674768703,1
V02881,0.8655654993313415,0
V02882,0.7637838430402394,0
V02883,0.865260772166176,0
V02884,0.837904428992019,0
V02885,0.8224974277459942,0
V02886,0.9092420375568819,1
V02887,0.8417962314401118,0
V02888,0.9137705424639483,1
V02889,0.6651970748570485,0
V02890,0.8688951910339497,0
V02891,0.5369212382916321,0
V02892,0.903856265789945,1
V02893,0.6769894972669895,0
V02894,0.9219266969366515,1
V02895,0.43655932441951456,0
V02896,0.9374270914267733,1
V02897,0.7773701649564387,0
V02898,0.8002218332573484,0
V02899,0.6659780475259903,0
V02900,0.7619015638900822,0
V02901,0.8583722530244202,0
V02902,0.7950834088501313,0
V02903,0.6684782681150149,0
V02904,0.6818986455109927,0
V02905,0.6710577692708962,0
V02906,0.9561285703448793,1
V02907,0.8520105484882242,0
V02908,0.9123326923321323,1
V02909,0.44983093256784673,0
V02910,0.822293984329744,0
V02911,0.925094106693847,1
V02912,0.7833453893820739,0
V02913,0.7656531330173701,0
V02914,0.5614504935261393,0
V02915,0.8408542801658461,0
V02916,0.9214800561227673,1
V02917,0.7380584573651413,0
V02918,0.8224159720586671,0
V02919,0.9658998325620655,1
V02920,0.9439430412075659,1
V02921,0.6130005512293963,0
V02922,0.9522372379530254,1
V02923,0.686675589164863,0
V02924,0.7794310639205967,0
V02925,0.8005218859807358,0
V02926,0.8577616740979674,0
V02927,0.5970157271121493,0
V02928,0.7556797890109053,0
V02929,0.9439563036651114,1
V02930,0.8400162522376308,0
V02931,0.8739515473233944,0
V02932,0.8289436089802478,0
V02933,0.7720745315406736,0
V02934,0.9386146603274674,1
V02935,0.5427510906179613,0
V02936,0.8789029290312855,0
V02937,0.8962277564539692,0
V02938,0.5115558074843181,0
V02939,0.8275649478277299,0
V02940,0.928303915430518,1
V02941,0.7962347783421122,0
V02942,0.9494045608533095,1
V02943,0.640964523969728,0
V02944,0.9678497790301368,1
V02945,0.89540151966001,0
V02946,0.8812308297085465,0
V02947,0.876287662831911,0
V02948,0.9547766289176234,1
V02949,0.8236931310223833,0
V02950,0.9132388571802682,1
V02951,0.8859909202873311,0
V02952,0.6854977614091669,0
V02953,0.8577512718738293,0
V02954,0.6702775465314531,0
V02955,0.789452515674996,0
V02956,0.7653947521194102,0
V02957,0.6402859814139382,0
V02958,0.7103189124972712,0
V02959,0.8232227790197172,0
V02960,0.9382804839463995,1
V02961,0.802888668906888,0
V02962,0.9659724819411082,1
V02963,0.7869823960654405,0
V02964,0.9109788567226831,1
V02965,0.9148839018170047,1
V02966,0.8812805076703542,0
V02967,0.8792789402545762,0
V02968,0.7085975799583355,0
V02969,0.6927860230157925,0
V02970,0.5295105111772204,0
V02971,0.8601011643717064,0
V02972,0.8384555333179176,0
V02973,0.9046278841503118,1
V02974,0.7166502405880804,0
V02975,0.78614805771058,0
V02976,0.8231814940761216,0
V02977,0.8637934219059669,0
V02978,0.7755175332670421,0
V02979,0.9071151665819989,1
V02980,0.9207299035143593,1
V02981,0.9269366790474249,1
V02982,0.8665827956787825,0
V02983,0.9427401644299165,1
V02984,0.8531623816212578,0
V02985,0.9232227138061624,1
V02986,0.8222955458397838,0
V02987,0.8869760791438561,0
V02988,0.31862744499267864,0
V02989,0.7499068620136422,0
V02990,0.9383269070613622,1
V02991,0.9196659968255408,1
V02992,0.712064789940156,0
V02993,0.8938065650797092,0
V02994,0.9630747460085248,1
V02995,0.8344572958696063,0
V02996,0.9370126301429457,1
V02997,0.807010655877761,0
V02998,0.8186239133190891,0
V02999,0.7631257863099388,0
V03000,0.7151397839641633,0
